id,company,created,team,amount,stage,age
24b88edc-d641-4988-b0d0-acf5a0cb42ba,Devshare,2/23/2021,apac,619694,qualified,53
b6265b60-8446-4ed5-8908-b196c93b52ae,Jabberstorm,7/16/2021,apac,1902838,discovery,25
c0482c92-dc80-438b-8d97-ebb1d77e026a,Rooxo,6/11/2021,us-east,400996,discovery,68
4e77f76e-e228-4a81-9fb3-e9f987e64f16,Tagtune,12/9/2021,us-west,49616,closed-lost,22
5b0d80c2-b790-4128-966d-8f96d9363ee4,Shuffledrive,11/29/2021,apac,1912996,discovery,44
769f5840-9bfc-4061-bab9-22e61b5707a7,Skipstorm,2/11/2022,apac,742794,open,74
0d6f474b-e9ab-4e5d-8a06-93e044bb7147,Feedbug,5/10/2021,apac,506028,qualified,35
4112d6bd-cf7c-43ae-a491-62f9d77b134a,Flashspan,3/17/2021,us-west,1200932,qualified,12
614a8831-ef26-481b-9fe9-af597d3bbfb2,Browseblab,1/2/2022,us-west,845538,closed-lost,76
4ce977a5-fbea-45b3-bb9e-229d746693e5,Meezzy,2/22/2021,emea,1770932,open,74
e4522a69-cdd8-4c42-b164-a72445b5382f,Feedmix,10/5/2021,emea,1017569,closed-lost,22
965405c7-6853-409c-b8f9-08043870a6eb,Jabbersphere,4/12/2021,us-east,77943,discovery,82
8986c5ce-c39d-417c-bf18-c917ed8a89ee,Podcat,12/13/2021,apac,514018,discovery,63
b941d833-5700-4647-8391-dafe2a401524,Jabberstorm,4/18/2022,us-west,77012,discovery,59
d4ff7710-71a9-4cc1-a61e-500458484c31,Lazzy,4/14/2022,us-west,1342855,closed-lost,9
6d803a7d-d3ff-4adb-96fb-e4c589c8d071,Wikido,5/5/2022,us-east,491391,open,26
71c1271d-7254-4f78-8690-37bfacac1dea,Youbridge,2/25/2021,emea,938998,discovery,56
d9ab4a56-5a1d-49ec-a39d-4c2e3a45599a,Gigazoom,3/28/2021,apac,14415,closed-won,64
f92f455e-5727-47d1-84e1-ac87920936fb,Cogilith,6/23/2021,us-east,699269,closed-lost,18
8bc8bed1-9713-4d8e-a382-028ff58ae6c4,Rooxo,5/20/2022,us-west,916043,discovery,92
eb6879be-d042-4423-82ee-33b8ca3b03af,Jatri,1/30/2022,us-west,188593,closed-lost,3
c5109a73-0371-499b-9a43-942a15807da1,Jabbertype,1/3/2022,emea,396615,closed-lost,37
d3b00ae7-db6a-4129-943f-a8e15af6a49d,Ntags,3/10/2021,us-west,896066,closed-lost,66
86815761-5ecf-44b1-90e3-690e3a8ebba8,Blogpad,5/29/2022,us-west,554138,qualified,58
9d722cfd-19d7-4800-a340-2a70cf9256e5,Katz,6/17/2021,us-east,1196719,qualified,69
702022b1-577b-4495-bab0-b959f98ea963,Gigabox,5/13/2021,us-east,1067486,closed-won,84
93bfd6e7-0821-4a71-81fd-6ea3b284ae15,Tekfly,3/24/2021,emea,457124,closed-lost,17
2db62dbe-f359-4fd8-82aa-2262b7495e66,Dynabox,9/6/2021,us-west,1910563,discovery,68
c671962a-573b-4cf5-ae56-382441d55773,Vitz,4/16/2021,us-west,1383328,qualified,18
bf2f2039-0020-449f-85bf-3834ab2f60e7,JumpXS,10/27/2021,us-east,1862461,qualified,53
60beb289-6758-4b0e-9695-bfc064204fb3,Jabbercube,11/20/2021,us-west,13835,qualified,39
259ce872-d94f-4b30-9075-b062f725c0b1,Chatterbridge,9/19/2021,apac,977673,open,49
b9ed3bca-d881-4ec1-bbe1-0f284c0e7152,Avavee,1/16/2022,emea,565843,open,28
c9720573-3085-41c2-bbf9-1ec61b941efb,Skidoo,6/14/2021,apac,712900,discovery,91
0edbd2d3-83b2-4856-a286-925154a063e5,Skiba,5/28/2022,apac,1035544,qualified,34
2e204059-fd48-44b8-b934-bb2d3dce5af6,Realblab,8/7/2021,emea,1580959,closed-lost,46
ba2d49d4-ead2-4d53-b810-9ba1f48cbad0,Edgewire,3/12/2021,emea,1403047,open,44
5b55ed22-9af0-4617-9759-eb33fcc74550,Buzzster,11/27/2021,apac,619474,closed-won,61
a3e81447-b624-4604-87c6-e93311f7db19,Devcast,2/7/2021,emea,552450,closed-won,32
6f7053e8-bfce-4c6e-937c-a13a29a1cfae,Centidel,3/10/2022,us-east,1453674,open,66
456e3831-cb3c-4490-b094-d4e1f5625d7f,Bubblemix,9/18/2021,emea,1035604,open,80
3cc939c2-a3fe-472b-8d6b-c942382c30d1,Twitterlist,3/6/2021,apac,983458,closed-lost,4
7eaa2df4-888f-48d9-8abb-a8ae78645687,Livetube,10/5/2021,us-west,1648441,open,34
f7035207-03c8-4350-8152-f0991ba7779b,Yotz,1/4/2021,us-west,1233137,closed-won,6
e411eabb-5da1-46e3-b558-c37426504166,Feedspan,4/17/2021,us-east,527578,open,61
c01210c1-e319-4a5a-b10a-5341af892382,Podcat,12/21/2021,emea,1798585,qualified,50
b6742c16-d38a-4b17-b8ae-69f6f0d14764,Browsedrive,8/29/2021,us-east,355169,discovery,100
b952c803-eb0a-4b4c-a04d-c183d0c1f855,Realcube,7/24/2021,apac,1090536,closed-lost,57
9939c692-db75-4619-8c54-12b8dcc74410,Tagtune,3/10/2022,apac,1973115,closed-lost,27
febf1cd5-9753-412c-9acb-94dc0cb15ea9,Yakitri,4/6/2021,us-west,1470250,qualified,23
0f9d92aa-3878-45ad-91c7-0a4e8441aac9,Yodel,5/15/2022,apac,427592,open,69
956f8bf9-ba6a-4b80-9dbd-59c4ed0d5f63,Realpoint,2/10/2022,us-east,596461,discovery,63
9b247049-982c-489c-af35-c4a2171125a2,Yabox,6/1/2021,us-west,633489,discovery,45
f2f58efe-9b16-454a-8c7f-e7bfe0113bd2,Oba,3/28/2022,us-east,1412836,discovery,61
870e8cac-5147-4472-a24e-dbf039d3db8a,Leexo,10/15/2021,emea,528695,closed-won,25
72fc2964-0be7-4344-827d-d20115d89635,Minyx,6/6/2021,us-west,1006724,closed-won,9
9cc82b58-27c5-4f69-8372-d531033b0268,Riffpath,9/27/2021,us-east,1339605,closed-won,12
67ca87b4-281a-429a-9318-676720959136,Linktype,5/19/2021,us-west,1954303,open,35
76de71e1-a547-41cb-aebd-e25c70a322e0,Oodoo,2/7/2022,emea,466460,closed-lost,32
fb885f83-14b4-4a6c-ac1e-7617d7d416c4,Wordpedia,5/24/2021,us-west,1039498,closed-won,82
7ca8969d-d084-4fc2-a531-5fe2eb9dd29c,Yodo,1/21/2022,apac,123237,qualified,75
e4421475-3469-425d-8222-ada68145b0ac,Kamba,9/25/2021,emea,456223,closed-won,13
e3b9ccc5-aa4a-4aab-ad3e-29a02b3f13fc,Cogidoo,4/6/2021,us-east,895094,qualified,39
6b7ef5a5-83bd-417f-9c40-99d5b9da9e88,Realfire,1/29/2022,us-west,1022964,open,28
7a08dfec-6082-4513-a073-2064178719d6,Bubblebox,4/21/2021,apac,196392,closed-lost,52
b414e13b-634f-4fb2-afdf-900d08ea8d8b,Layo,2/8/2021,emea,1628250,discovery,59
0991e914-3fc2-4c4b-8d55-67fc90c6d13f,Wikizz,2/2/2022,apac,1828012,qualified,30
ba59fd11-c0f1-4d1c-9c60-e3c61e0593de,Gevee,3/15/2021,us-west,896804,closed-won,50
44415457-e5a0-4e54-8753-45d8c698135a,Kazu,6/17/2021,apac,1663169,open,66
ead193f7-fde5-489e-ac64-2d4b302d6942,Skimia,12/31/2021,emea,483063,open,27
0dd24356-793c-461d-877e-17ae72e31d2c,Rhycero,3/7/2022,apac,1087571,closed-lost,14
b98fce70-94b7-4d4e-a9cf-4e9c2e961c37,Photolist,2/5/2021,apac,1275482,open,55
0502586e-352c-401e-9341-da90c6d20db2,Skaboo,7/26/2021,emea,1386174,closed-lost,48
603ff540-3a53-473c-b37e-195694602dfc,Jamia,8/21/2021,emea,1769430,closed-lost,11
e24701f7-bcce-42f6-9870-fd536f1fdb9b,Jayo,3/9/2021,us-east,1954761,closed-lost,75
aec8fe4e-0470-4862-9789-7ffe0644c99f,Edgeblab,5/3/2021,emea,285824,closed-won,80
572ed435-2793-497e-b8fa-79ab1aac4ca8,Demimbu,1/28/2022,us-east,1746780,discovery,84
c0647b1e-d28d-47dd-a4b7-f8a3f84ef31f,Teklist,3/6/2021,apac,145003,closed-lost,46
9e550560-4a85-4f9c-9a29-9c1c41104f4e,Geba,3/10/2021,apac,948985,open,65
2c302ce5-ac72-404a-ba12-cb0eb45d8c92,Shuffletag,8/25/2021,emea,1866420,discovery,16
fd0c48ca-a86b-466c-be7b-9488d11ac93f,Browsedrive,8/9/2021,us-west,985257,qualified,19
4a7f4c03-8924-42bd-9439-d740c914bcd2,Eire,9/14/2021,emea,751618,closed-won,81
debb4f36-7eb9-4f63-93f9-a7dc9d9f271f,Brightdog,9/5/2021,us-east,967751,qualified,6
29fde8d2-e871-477d-9f7b-6e42ab88f88c,Ntags,4/12/2022,apac,10277,discovery,45
bcbd5203-632e-45bf-89a6-4290ab1ddcac,Mynte,6/30/2021,emea,915592,discovery,27
1371ab4e-75b0-4386-8769-debfda021211,Zoonoodle,1/30/2022,apac,884821,qualified,47
a0603fb0-0132-452b-b56f-83d4520e9e00,Realcube,2/16/2021,us-west,751114,open,15
3b752f29-83b5-44e7-9bae-7a7df063c96a,Wordtune,4/15/2021,apac,983311,qualified,50
cb93b93e-e571-42bd-8041-11733f1be75d,Topiclounge,4/23/2021,us-west,936306,open,20
6163f185-3105-4536-b683-e0fd652ab34a,Tazz,7/2/2021,apac,39643,open,13
bb2284be-8226-408b-954b-198e58a2a2c2,Youspan,5/17/2022,apac,820571,closed-lost,54
a23b8ade-0895-47dd-acb0-c90cbd866767,Muxo,10/6/2021,us-east,1915903,qualified,6
4ec474dd-01f0-4dd8-af5f-f698eced1328,Oyondu,11/18/2021,us-west,325139,closed-lost,97
63549362-1223-4a1b-8e39-ae1631ab9cd5,Linklinks,11/28/2021,us-west,1215015,closed-lost,28
78416cb6-ff27-4071-b563-daba8e1249e2,Einti,3/4/2021,emea,172689,closed-won,59
c6ed6b9c-e715-4b92-aadd-43be3511aabf,Avavee,4/1/2022,emea,1704090,open,57
6f9f9d21-8cdb-43f8-b60d-2b2e8814625b,Mydeo,1/2/2022,emea,1351722,closed-won,49
52f72404-0b86-46b9-8f6a-044834422058,Quimm,1/27/2021,emea,1600913,closed-lost,47
24b815d5-4893-43d2-9f01-d8888ea7b388,Gabvine,1/27/2022,apac,850115,open,34
c120e669-4d34-48df-9e04-ff360676bad2,Trunyx,5/30/2021,apac,909676,closed-lost,87
856a4df2-d52a-45a6-9b29-d624ae6ba70b,Skilith,3/14/2021,us-east,31790,open,65
c8abfe99-f8a5-4462-a7ee-ae862ab3418e,Skilith,2/16/2021,apac,1228100,discovery,43
55d0ef26-15ea-47fe-9ca6-9ca2ac3fb1ec,Aivee,10/15/2021,apac,1483064,open,19
eed4543b-bc87-4b35-942e-8eb11b015709,Thoughtworks,5/20/2021,us-east,564438,closed-won,6
8b9d8c7f-255d-415f-96a5-87f67250a2f3,Skinte,3/5/2022,apac,441260,discovery,95
9970a831-264e-4ed8-a3a9-4d4f8eba0136,Voomm,7/13/2021,us-west,11406,discovery,82
c49b7fee-5b6c-4ccc-840f-0408d1a5cffb,Twiyo,3/5/2021,emea,1583562,discovery,27
e6246100-05ca-4053-95ed-7cbf1807b614,Dynazzy,8/7/2021,us-west,109877,closed-lost,22
44429aed-969f-4f30-a39a-799745b128a5,Agimba,1/30/2022,emea,382188,qualified,15
a4c655bf-d927-402f-a4fa-f7e298338021,Twinder,11/28/2021,us-west,1839570,discovery,50
63f93c8d-74b1-420f-b0fe-be3bd5c7c9b3,Voonder,2/4/2021,us-west,53848,closed-won,72
4a2256e1-24ad-4fc4-996b-7f8a0e9063aa,Devshare,9/24/2021,emea,185679,closed-won,13
670bec0f-ca09-4347-9748-cf436571410a,Plajo,3/27/2021,emea,1728963,discovery,29
577f47a7-d850-41fa-a5ff-d77796ff4fa7,Zoonder,10/10/2021,us-east,1254681,closed-lost,42
c0d28e72-9aae-4544-a616-285486c857a1,Quimba,9/23/2021,emea,717997,qualified,18
b47704e1-e893-4e79-bf5c-55ec46b67ec5,Tagchat,4/26/2021,emea,973138,open,99
1848c7f5-cf74-4aed-94dc-a027f62ff093,Quamba,5/25/2021,emea,1687205,discovery,66
858fe8bc-a67d-4724-ac5c-6639a6939cdc,Jaxnation,7/27/2021,us-east,10099,open,65
d5dbfc33-e7a7-40dc-bddc-6744054eedd6,Skaboo,7/5/2021,us-east,968224,open,1
4ced329c-4216-4f1b-b853-0e6d5c2c7236,Topicware,5/10/2022,apac,620935,closed-won,30
f65ce352-3c06-4d51-9962-0d980087cc51,Wordpedia,4/12/2022,apac,1706766,discovery,73
814a2138-add5-4f11-8c1b-8a8a40e0d141,Rooxo,9/14/2021,emea,1643339,closed-won,63
98ad3a79-f012-42c7-ab5b-08bc108234ea,Eazzy,3/11/2021,emea,1096513,closed-lost,71
e4065b97-76e9-4a2b-ad8d-d4cd06939539,Latz,3/31/2021,us-west,976977,closed-lost,15
cce6295b-d7ab-442a-9789-0fee13bcbdbb,InnoZ,4/13/2021,us-east,1721447,discovery,51
b35b79a4-7600-46be-b5cb-8bb792ad2f46,Kamba,1/4/2022,us-east,1518639,closed-won,79
3851d8f3-b38a-4d09-a8d0-16a40fec9652,Eayo,3/7/2022,apac,1814651,open,82
a2637d9d-c7d1-4f65-81e0-28c3c8e6d7cc,Npath,6/12/2021,emea,964008,open,10
e870a3ee-1b5a-4274-98d9-f9f2ad4e6690,Meetz,1/30/2022,us-west,465734,closed-lost,93
6a183b48-ede6-4877-83e4-f124479fdae4,Avamm,3/8/2021,apac,1915874,open,51
dba697e0-31cf-4068-81bc-35d35e78f73c,Aimbu,5/28/2021,us-west,1591810,closed-lost,67
10147c02-d0fb-4899-8aea-a80ff96dcd19,Brightbean,3/31/2022,us-west,148600,closed-lost,60
744efd1b-3fb2-4efe-ba71-0c1942936de6,Brainbox,12/18/2021,us-east,1778877,closed-won,3
073d9cd0-bda4-4af2-8e70-5dbdfca6b612,Skajo,10/28/2021,apac,1713447,closed-lost,63
b72a6b7d-5732-406d-9bf0-13e6ca3d0566,Rhynyx,2/25/2021,us-west,592326,qualified,34
5b02344a-b9c7-4048-8354-23be4ebf68d0,DabZ,1/12/2021,apac,1903188,open,11
414aa84c-95d3-42e2-ba85-992164169eb6,Flipbug,11/19/2021,us-east,514660,qualified,1
647529b9-f5dd-4562-9bc1-7478405cb1c4,Mydeo,1/14/2022,emea,914087,closed-lost,82
58320999-0939-45a3-8c5d-9f44d828887e,Avaveo,2/5/2021,emea,1845980,discovery,7
3cf1de8b-8b7a-482f-b3ed-3635b7a36d90,Yadel,7/24/2021,us-east,796355,closed-won,72
69fbde39-87c3-4ed2-988f-ec74922daf20,Pixonyx,5/14/2021,apac,1521989,qualified,43
1e92083d-2cae-45dc-9df0-df3f15b6abd7,Mynte,8/26/2021,emea,1120771,discovery,34
20ce710c-0918-4a6b-98d7-d4d4197bc384,Quimm,1/18/2022,us-east,391378,open,72
1c990273-51ba-4805-90a7-3c5ab5ffc3ff,Kaymbo,3/19/2021,apac,311414,closed-won,40
d27ed489-abd2-40a0-afd6-2885388b804f,Viva,2/10/2021,emea,1755540,open,75
88255977-d529-45f6-b567-03ebb88d9abf,Skidoo,3/10/2022,us-west,1422616,open,50
cbaacd65-2437-418a-8e42-8feba94a685a,Fliptune,1/30/2022,emea,1425687,discovery,76
87d6a469-a17d-4b41-8cff-c6f1f855ab5c,Kayveo,9/11/2021,apac,1096489,qualified,46
063661f2-5899-47b2-b429-a6e3d7c1a71b,Divavu,1/10/2022,emea,548009,discovery,96
dcc55218-a24e-4bb6-9239-bec076fd1ad7,Zooveo,5/12/2021,apac,840399,closed-lost,13
defa7dc6-9beb-4a38-b5b5-9c9f75aafacc,Blogtag,9/12/2021,apac,313837,open,35
46fa1c73-a209-4959-b187-67e3649108f1,Eazzy,5/26/2022,us-west,268169,qualified,29
9e9888ef-ac93-470d-9a6b-3cc6c3bd6a8f,Mudo,4/12/2022,us-west,1266099,discovery,90
7af2df0e-5611-4b15-a83a-f4e2c3917d10,Twimm,5/22/2022,us-east,262424,closed-won,66
e26d838a-eb13-4f5a-ab21-ee67656b0bf0,Twiyo,2/2/2021,apac,1465963,closed-lost,73
eefbd661-8624-439c-9c9a-7fbbadcd74fe,Bluezoom,3/27/2021,us-east,1757157,open,72
98a4f225-dbec-4f3d-9019-cc1faacb5124,Meedoo,3/29/2021,us-west,762452,closed-won,20
7c4bf0af-7ee4-472c-bf71-a4ae23dafc71,Edgepulse,9/10/2021,apac,1249217,open,79
c6798cff-b160-4a06-96cd-f74336dcb690,Muxo,1/8/2022,emea,1682904,discovery,99
1e570fde-6cfb-4705-b126-93a9ae4a2c5f,Aibox,10/31/2021,us-west,1570962,discovery,42
04beeb16-1f16-4fe3-8252-47a5cfe06e09,Tagtune,7/14/2021,us-east,1320276,closed-lost,47
328d84e3-801c-49e5-85c0-58be5edb4dbd,Wordware,12/31/2021,apac,347944,closed-lost,98
3f4ceca5-f671-4032-a620-ccb4f1890fb1,Jaloo,1/18/2022,us-west,1814427,closed-lost,70
194971b6-c30c-4b1b-a6c8-ac91a8ab6dea,Aimbo,5/2/2022,us-west,1482910,open,34
2720f07a-df23-4c8f-85a1-ccee6e8b2fd8,Katz,11/2/2021,emea,1085656,qualified,81
c8bda8dd-b997-4504-85f0-e1328593c22d,Skivee,12/27/2021,us-west,164518,qualified,64
14038960-de62-4d05-bce0-7c0fa35bd7ff,Mycat,4/13/2021,apac,1263686,open,73
699c489d-058a-4140-a3a1-fc1583d870c4,Thoughtstorm,4/5/2022,emea,1240342,closed-won,91
86b1377f-6fbc-469c-94df-1ca6cf1fc65a,Devcast,4/20/2022,apac,1942932,closed-lost,63
73e520ea-f83a-48a2-9c82-a9d5d3560676,Youopia,5/31/2021,us-west,343181,open,87
9f631e1c-d609-474b-bd0c-ac33a3c0b045,Avamm,4/15/2021,us-west,347165,closed-won,93
7edbf2c6-2372-40dd-8b62-7e4e4033d788,Tavu,10/15/2021,us-west,875941,closed-lost,95
5fd2d606-3a5e-45c9-86c8-da211caa28d1,Centimia,7/7/2021,emea,1452467,qualified,11
540205f7-964e-4200-b3ce-330d8a404450,Bluezoom,12/8/2021,us-east,1805859,closed-won,7
21662c37-9e2d-4443-a077-9a45a7916f85,Riffpath,6/1/2021,us-west,1688589,closed-won,25
6b25d6ce-c638-484e-b8e5-f00d8ca09dab,Edgewire,11/17/2021,emea,1242838,closed-lost,33
7648433e-ec36-4f09-8fd7-f8819d6e1b9e,Ntags,9/27/2021,apac,1051140,discovery,69
404f48da-1b90-4505-87e2-d093ed83bbcf,Tavu,12/20/2021,apac,1149766,closed-lost,31
a5490be8-5dd9-4318-8d51-2605d8d0f020,Gigazoom,10/3/2021,apac,1293341,closed-lost,77
29d437e5-6288-4e03-8f38-e9923290901d,Ntag,4/11/2022,us-east,284152,closed-lost,43
eba92b33-686d-4f48-9696-8951e922b2d3,Eire,9/7/2021,apac,672624,open,21
190cc528-a1ba-4b96-83e7-adc6c8c07b20,Yotz,1/4/2021,us-east,1687350,closed-lost,77
54172c26-5406-42bb-aa4d-2ff52e4aae26,Flashspan,2/3/2021,us-east,782326,qualified,20
7407739e-658a-4e4f-89fe-eb18af91df22,Feedmix,3/11/2022,us-east,1941734,discovery,18
6043adfa-0966-4940-a33e-bf92fc98d34f,JumpXS,8/17/2021,emea,1185695,closed-won,59
2b12862e-fc0b-418d-9d13-5c040d2581f2,Skyble,5/23/2021,us-west,1362541,qualified,66
9ca29971-de08-4253-827c-06b434a19381,Geba,3/11/2022,us-east,1119451,closed-lost,61
4ed7fa72-9456-43d1-93e8-7f1d62db5b9e,Twiyo,11/10/2021,us-east,909218,closed-won,42
1641ee36-adb6-4e94-80b1-832348283e86,Realcube,1/5/2022,apac,413821,qualified,56
37a84ffc-f08e-412d-90ea-312f35120966,Oyoba,4/9/2022,apac,1436894,closed-won,23
ed00cf5e-fd05-4bac-946d-600ea67fb3dc,Skibox,2/16/2021,us-east,1264042,open,14
ab70693d-ab42-485c-aa0e-1d055ae2c33e,Skajo,11/17/2021,apac,410507,qualified,48
9c68da88-babf-42b8-b4b0-ce08bfd4d260,Blogtags,6/24/2021,us-west,1957866,closed-won,21
5412a4ab-8cec-43e0-a2bc-31ec38c18cb4,Kwinu,6/17/2021,us-east,1939986,discovery,79
50615e70-9ec5-4b5d-a888-5fc94e92d9da,Flashdog,7/30/2021,apac,295100,open,30
5377c129-0bf7-42ed-b0fb-400b510673c5,Thoughtstorm,4/27/2021,us-west,1889224,closed-won,95
81a2cf53-65c5-40c6-b661-1a0ee3b2867e,Lajo,1/14/2022,apac,383956,open,78
31f54bbe-e7fc-42d7-9cbd-55c11bccf18c,Oozz,5/20/2022,emea,512352,qualified,31
33f585db-0f8e-4238-95c4-fa93e1f42828,Shuffletag,10/24/2021,us-east,308687,closed-won,68
f33d6582-16c2-4716-8d02-0d326b3c0090,Miboo,1/29/2021,apac,1533416,open,30
d38e4361-8461-47e0-a81b-13ec42968db0,Eazzy,5/15/2021,us-west,1943522,discovery,6
46cbe125-48f4-4f3d-94db-bec3a90589be,Feedfire,9/9/2021,emea,306494,qualified,74
3ac0802c-d1d7-43cf-9d3e-5c8ef3bb3aef,Zooveo,4/5/2022,apac,1772131,discovery,24
9e958b13-3447-4533-a658-73014ca310e3,Demimbu,11/8/2021,apac,607182,closed-lost,41
c570e33e-3921-4026-b932-eee52861c9c0,Brainsphere,6/19/2021,us-west,823036,qualified,88
2c0c3481-83d3-4649-8fcf-42a8b16c759d,Feedbug,9/22/2021,us-east,819199,closed-lost,52
6d54c0ab-502b-4bc6-bc87-2c522fe57a61,Divanoodle,1/1/2021,apac,1620477,closed-lost,51
fb5682d2-33de-4531-ba1e-24063188fbc1,Gabtype,2/26/2022,apac,285814,discovery,31
5b18fcc7-356d-43c8-8314-b2ef1414d9e0,Jazzy,3/8/2022,apac,925295,closed-won,60
9bec4fab-d28c-4e4a-bb72-9c368f8e2f50,Topiclounge,7/13/2021,apac,1569827,open,42
c70154d4-b09a-4a29-8993-756ccfde2ee1,Katz,10/17/2021,us-west,1669724,open,32
29c2a706-e38f-4467-b09b-c089309ec990,Edgeblab,2/23/2022,us-west,136212,closed-won,82
6937053c-03f0-4c2a-9883-b3b2904c0063,Twitterbeat,8/29/2021,us-west,922617,open,58
11f776e4-29fb-4c8b-a107-bdb679c7b29a,Centizu,2/13/2022,us-west,148162,open,93
dac52901-37c6-4ca1-b117-b27d67250d6c,Voomm,4/22/2021,apac,161563,closed-lost,23
210bd398-c208-4ebc-8933-893cbbe41344,Jamia,5/30/2021,us-east,1675420,closed-won,72
495ddbb9-44cd-49f5-acc6-1df3c796343c,Wikido,11/13/2021,us-west,115258,open,38
4ab601a7-4250-4241-878e-9bbee955baa1,Eidel,5/11/2021,emea,49070,open,68
edee04e3-ce3c-44bf-a4cf-2075bb09024a,Mita,3/16/2022,emea,1107050,qualified,41
26062f6f-e564-4691-a5c7-a89ff5ce79bf,Snaptags,2/28/2022,emea,1299186,closed-lost,67
4bef7413-0641-4330-8ef8-16cc578dd95d,Kwimbee,2/15/2021,us-west,538843,closed-won,90
8f3afe9e-ab46-4c07-b561-99cbcd1ccb6b,Browseblab,4/7/2022,apac,585841,discovery,84
3c0420e8-5f52-499b-a02e-a7df911be73d,Zoomcast,2/5/2022,us-east,97559,closed-won,63
7cb628b8-c523-4e87-98f8-785badf0210f,Fanoodle,10/19/2021,apac,784057,closed-lost,31
b0189465-e892-4a29-ab1c-83edb86e64d2,Trudoo,9/28/2021,emea,1565398,discovery,25
33790cb9-5ffe-45a8-a1d2-499b29471862,Devbug,11/4/2021,us-east,1906070,closed-won,25
71e241ff-3a06-4de6-a0ee-3fea8f0b3520,Geba,4/26/2022,us-east,163879,closed-lost,24
0807a3ed-781d-42e6-97c6-a5a9d0ee4b55,LiveZ,4/16/2022,us-east,1375864,closed-won,29
914f48a6-8f55-4e80-afd5-78cd1bb6c427,Rhyzio,3/27/2022,emea,1986710,closed-lost,53
077b53c3-2bb6-4f03-901e-a38311151331,Wikibox,11/22/2021,emea,1644559,closed-lost,4
c0848b83-1c04-4860-bc00-0f8f2c7b4dfa,Yamia,5/7/2021,emea,1251752,closed-lost,47
3fdc9dc5-38a4-44bb-bb9a-846cdc1a143e,Photobean,1/19/2021,apac,1396546,qualified,91
680207fc-d310-4b09-9e44-6232eee5b1d7,Skiptube,3/25/2022,us-west,824307,closed-lost,94
7a5aff3a-6da4-4e18-a3b5-1cd005511da2,Brainlounge,6/21/2021,emea,1144238,closed-lost,78
c191bedd-67d4-4902-8efd-7cc5d2cb5eac,Tagchat,5/25/2022,apac,1546717,qualified,46
4a8ca3e6-95e3-4d5f-9bad-adf0c14e13d9,Skinix,3/14/2022,apac,374571,closed-lost,52
c53ee304-246d-4a59-a5c5-94bc2caec3f0,Meevee,3/20/2021,apac,265418,open,26
2a15ee4c-3178-4da0-98fe-e44eab1ce898,Gabtune,1/19/2021,apac,588375,open,8
7cfd1af5-d776-48c9-b763-0d5fb98441c2,Quire,1/17/2022,us-east,865908,discovery,17
8726d209-0adb-4e19-9af9-0e2760bb5b50,Jabbertype,4/10/2021,apac,723099,discovery,27
80493ec5-5f24-452a-912e-f263b9676caf,Fadeo,1/6/2022,us-west,1391834,discovery,85
1e3a60bd-c552-48fa-815c-957c05e9cb23,Realmix,5/14/2022,emea,1867392,open,97
a70bd63e-79b8-4b9c-ad4d-65d0b2128f36,Quimba,3/30/2022,apac,653418,qualified,88
361143a5-5ba2-40f2-8e6e-61172bd085b3,Twiyo,6/29/2021,emea,124575,qualified,24
18e2f601-dc97-4bdd-8b59-7c7e4df41fa3,Teklist,9/17/2021,us-west,837901,closed-won,24
06b10d21-711e-4813-ab4e-f6e30f0ec0af,Eadel,4/8/2022,apac,1783183,closed-won,74
c36ce786-181b-4838-b3c5-868aabb47ef7,Meejo,2/17/2022,us-east,476544,open,40
4945587b-dd7e-40d3-a59c-c1597083e927,Pixoboo,10/30/2021,us-east,429576,discovery,63
54e6bb35-18c9-4392-abb1-ec2d143c310a,Kaymbo,3/29/2022,emea,444623,closed-won,76
e38bcc93-e052-45a2-aebb-696d7308aba5,Twitterlist,2/5/2022,apac,1598680,qualified,99
f8f8c890-d170-404e-b6e3-fb8efb2b3dfa,Gabspot,3/9/2022,emea,1587667,qualified,100
d7fea979-23e4-4b47-b4e3-78c52d2cbaa9,Pixoboo,1/16/2022,us-east,615837,qualified,2
7a93587e-f0da-4747-85cb-8ad25f1daa6c,Jabbersphere,4/25/2021,apac,1397185,discovery,5
857a8b6e-046e-407c-a3ca-a48c222abac0,Zoozzy,4/15/2021,us-east,1489045,qualified,28
911c5901-5281-4219-92cb-895e1456fae9,Browsecat,3/18/2022,emea,1879783,discovery,90
b443d62c-6404-484f-a926-f44080398deb,Twitterwire,5/6/2021,emea,1823496,discovery,39
77dc6be0-2b31-4e42-8e36-6fdefb50c944,Eare,3/5/2021,us-west,1259812,closed-won,3
0e2250c6-6e8d-47de-803b-165434e6db4d,Quinu,1/10/2022,apac,80305,closed-lost,39
9d50dfc0-c35f-4ffb-8663-9cdbdeb9b0e7,Rhycero,4/15/2021,us-west,1997570,open,71
a3eb6f99-ff5d-4c41-aa52-74979835dd9a,Browsecat,9/7/2021,us-west,675219,closed-won,46
004e3ed7-e420-4820-be77-70f52e39b1dd,Agivu,2/10/2022,us-east,940707,qualified,92
0a7fcb1b-6067-49d9-ba5a-1e951049815f,Bubbletube,11/19/2021,apac,1947133,open,11
f77aca89-c839-4009-be83-6f0878b391cb,Quire,11/18/2021,apac,31408,discovery,48
12b31181-17e0-46f4-b789-dd72093387d6,Jabbersphere,3/26/2021,apac,508965,open,24
aea41976-865b-4cb0-99d0-c8ca9db690b9,Realmix,11/14/2021,us-west,1025016,discovery,62
079484a2-0e40-4e12-950c-e2e560c7dec2,Ailane,11/20/2021,us-east,1146646,closed-lost,32
8087ca83-28d7-4fe6-85d5-40bf99971da4,Quire,8/11/2021,us-west,802241,discovery,77
5834ddc5-d85f-4aaf-b121-151cdfb3f5dc,Photobug,1/9/2022,emea,1680628,discovery,19
4f3b6051-43c0-4d8e-a0df-73be722d3998,Kanoodle,4/15/2022,emea,1765157,qualified,33
dd29be10-da12-488d-9af8-df93fdf49e8a,Devify,4/12/2022,apac,139811,closed-won,4
dc979a49-a304-4d2a-9b41-dac78c15ba4f,Jatri,3/25/2021,us-west,451855,discovery,71
cbac553f-422b-40dc-ae93-214c8c101659,Linklinks,3/4/2022,apac,1839122,open,2
510b4f95-0874-4729-b239-9c2d875463c9,Eamia,12/5/2021,emea,630125,qualified,19
17eaf0c2-cd8f-434d-b535-fe9dffc9636e,Avavee,4/9/2022,us-west,1950740,open,31
b3e85410-2b92-4ef7-a141-ff49612ea42e,Dynava,1/2/2021,apac,1466045,qualified,19
720730a1-9bc3-468a-a770-c6af1ff5e291,Latz,8/27/2021,us-west,1421066,open,83
dd940d9e-3c77-40af-b289-49616a99cb9c,Lazz,9/18/2021,apac,1771196,closed-lost,55
f2bd1880-9f7b-41b1-8850-064415621b8c,Dabshots,3/31/2022,us-west,1911658,discovery,96
440d6dad-6696-4aa8-b8c6-12d81769079f,Blogpad,1/20/2021,apac,1045840,discovery,43
7014becf-b3b8-440e-b62b-dbaddc041782,Voonder,4/1/2021,emea,516214,discovery,87
6a08f98c-d125-4ad5-9e15-30ce5d6b9d92,Eabox,3/11/2021,us-west,1413914,closed-lost,98
1767f365-2ad3-4b44-8db4-25b9efe77243,Kimia,9/23/2021,emea,1058863,open,62
eb1e902f-a302-4fb4-8843-0282797a4314,Skiba,9/8/2021,apac,738067,closed-lost,23
31ad7ef5-b48c-4d25-9d26-f5fa348ecb00,Oyope,2/15/2022,emea,930694,qualified,54
211106ec-752f-4aff-86e7-eb5ad16b584d,Innojam,9/3/2021,us-east,1677599,qualified,93
4438d0a4-951b-4c62-b05a-df2af04598ec,Livepath,8/26/2021,us-west,1215853,open,94
7de6623c-f2c0-4441-9632-6c126a94f646,Gigazoom,5/12/2021,us-east,204772,closed-lost,6
893f363e-d66f-4aeb-9c16-d00d9416907d,Youspan,4/5/2022,apac,1023921,open,60
f841d1ac-e2e2-42de-8341-abb53552e183,Trudoo,4/3/2022,apac,1781900,closed-won,21
3902f71c-5c70-4a03-9b6e-3fbe2447aec5,Ailane,1/5/2021,us-east,555742,qualified,94
176e8783-0d87-4eb0-92af-747192afc02f,Fadeo,6/2/2021,apac,186602,open,9
85d9289b-41f4-4510-a749-7ce958271a59,Skimia,7/8/2021,apac,1462353,qualified,41
e7583f02-c718-48a7-a91a-9e7ca9221486,Kaymbo,8/9/2021,emea,206888,qualified,80
b3d31362-36a8-4646-bebc-68a5377d6268,Babbleblab,1/26/2022,emea,984627,closed-lost,93
f8124425-fd9b-42ea-bcbe-f6bae405a2e3,Fivebridge,11/12/2021,emea,1128865,qualified,51
d7f059f2-db96-4153-93c1-73f581b991b7,Oyoba,10/16/2021,apac,899015,qualified,53
c56e80a9-78a5-4c8f-8e46-caf401c6b20c,Fivechat,5/14/2021,emea,1102282,closed-won,8
1af0e2eb-f597-4615-ad20-1278eae5644c,Divanoodle,6/6/2021,us-east,1586259,open,37
30c63197-24a4-41a7-aaa6-0c57f2a692b1,Trilia,1/28/2022,us-east,361778,open,53
afce4b7a-18e6-4a1c-b3da-b39ab926f5b4,Skajo,11/18/2021,us-west,1743876,closed-won,8
f1fbedf6-7313-4774-b42c-ae3a980ba261,Rhyzio,4/2/2021,apac,502828,closed-lost,46
6e2766ad-cf7f-47b6-92f1-0b7ca9aab57e,Jaloo,3/11/2022,emea,398631,discovery,50
4ac40a8c-abf2-4bd5-af63-73a26a5bd9aa,Thoughtmix,4/25/2022,apac,799320,closed-lost,56
3d021b65-d187-45b3-a1a8-1c0a1cdc4693,Trilith,4/11/2022,us-west,1715668,closed-lost,65
1a85e2e9-e618-4deb-bd17-62de0ca2ab08,Meezzy,9/24/2021,us-east,67733,open,28
4f175fee-55d9-4d2d-8221-8abb1940651c,Vidoo,1/26/2021,apac,1401045,discovery,33
4dc06b27-edd3-42cd-88e3-94cee7c22814,Photojam,4/9/2021,us-west,675853,open,58
72b527df-13f3-450e-b249-50566ccc204e,Quinu,8/18/2021,us-east,1012433,qualified,75
d7ee7b2b-3ce4-4665-afe6-c466b5cd0af7,Yambee,10/11/2021,us-east,1500625,discovery,65
cd7fc43e-7674-4978-8b3a-0258c6b5403d,Dynazzy,4/21/2022,apac,1341550,open,16
1e6927ec-fab2-42d2-be91-1cdd6b7907e4,Twiyo,8/16/2021,us-east,866695,closed-won,24
a1fe2b3b-9664-421a-908a-23107dec9434,Buzzster,1/27/2021,emea,1084751,qualified,61
dac2c190-64d2-4ad2-8be3-c0c146223479,Ainyx,6/6/2021,us-west,740491,discovery,27
2a7f7da1-3675-4c43-90a1-c7449d022075,Skyble,8/20/2021,us-east,1336688,closed-lost,59
6707c3b9-48cf-43a5-9b7a-6d6908a74dda,Aibox,7/17/2021,us-east,1376986,closed-lost,42
758e6f3c-a59f-41c0-b1df-9e654464bb8a,Skaboo,5/7/2021,emea,1017871,open,65
5efa7461-4430-4b10-b51c-95ae9c6857d1,Yodo,8/17/2021,us-west,490629,open,62
5358d548-8767-406a-824d-e79502feed1f,Oyonder,1/6/2022,apac,543873,open,41
606b761a-9173-40e3-b2bf-0b3426a52204,Wordify,2/12/2021,emea,1754274,closed-won,2
5908c263-75a1-4235-b9bb-5ac13b806744,Mybuzz,3/2/2022,us-west,1667998,closed-lost,86
06e98c7c-5e04-4995-bab8-ee053cf36588,Thoughtstorm,8/3/2021,emea,1672089,closed-won,46
4399429e-7b07-4f3e-84ef-48597865b268,Lazz,5/27/2022,us-west,1329429,closed-lost,12
96936b60-e10e-459c-ab10-f4f0af79bcb2,Rooxo,4/13/2021,us-east,638459,closed-lost,38
bc9c0351-68fc-4e79-aca3-6307f78ac3e7,Mudo,8/8/2021,apac,1105739,discovery,56
28b36514-8ed8-40c8-a6e4-38209a825222,Viva,3/11/2021,emea,798427,open,57
fcedd462-2901-489c-9b76-5be47acad32c,Twimbo,1/9/2021,emea,1906659,closed-won,29
3e878737-95d8-47b1-b6e4-61744b68a9a9,Pixope,4/2/2022,emea,1891425,closed-won,89
560bad91-f1d7-4c64-95e0-c1b315c89cbb,Miboo,11/6/2021,us-west,1868600,discovery,44
61452162-aa7e-4bbc-bce1-68a16cbc12af,Skynoodle,7/3/2021,us-east,147376,open,12
254e387d-0dfd-4aa8-9b82-4b03457092a2,Mita,4/24/2022,us-east,1187393,closed-won,86
ae368059-d0d1-4fb5-97a6-0d74ec97a879,Mydeo,11/29/2021,apac,790001,closed-won,1
e42124f2-0ca3-45fd-b7e0-17098f7875a5,Flipstorm,2/9/2021,emea,1403358,closed-won,52
c5bd45c1-171e-451c-b548-7048046902ab,Flashdog,1/23/2022,apac,1473320,qualified,75
485b6a12-3579-4f3b-b15b-611dcf53b8f0,Mymm,1/20/2021,us-east,1701719,discovery,52
5df2030c-94e9-444a-869b-d0aa2b22f088,Oozz,4/25/2021,apac,982058,qualified,41
3975ed50-1852-4a69-9641-37078791730e,Dynabox,9/23/2021,emea,1176704,closed-lost,65
baa3c86f-a211-4e5c-9379-f2686f933170,Photospace,2/12/2021,emea,579361,closed-won,88
5f8ca07a-8f0b-43be-9b92-32903a690480,Skajo,4/8/2022,us-west,87983,discovery,31
9fedc51f-01b9-4d72-bbc2-e36b186c0d79,Vipe,5/2/2021,us-west,1143790,closed-lost,38
9cfc5cdf-be73-41f1-90a5-78870fda678a,Tazz,7/11/2021,us-west,427131,open,25
f6214bc2-f725-4376-989e-f34735968b5f,Brightbean,1/15/2021,us-east,380178,closed-won,30
88f7a739-c2c2-4754-ad95-e4ea7b7532f2,Dynazzy,6/29/2021,apac,1755918,qualified,37
94b6124f-5251-4634-a710-6cf86a66eb24,Mybuzz,10/23/2021,us-west,73423,closed-won,10
c9d03bab-de3c-44f4-9891-a8bf0fc4afa8,Tambee,1/21/2021,apac,1974476,open,95
c7a9d1ad-6e66-45bf-9925-14982e71abfd,Realfire,2/25/2021,us-west,588014,closed-lost,25
1bb91b70-8217-487d-a76b-2b94be5292f6,Linklinks,3/1/2022,emea,1579027,qualified,23
ae07560d-2fa2-4862-aacf-84b71db1b460,Twitterbeat,1/29/2022,emea,911431,closed-lost,6
8c726c5c-e962-466a-aef9-9ae22a9a58fd,Thoughtstorm,5/26/2022,emea,1052239,closed-won,18
6c6e8c5e-99e4-4417-b1fa-ccd88c5db2ee,Dabfeed,3/27/2021,apac,367775,closed-lost,25
dd9cb4cc-043a-4aed-aefc-4254f55205ac,Zoombox,10/18/2021,us-west,165118,closed-won,34
be2a676b-8cae-4c86-9730-b8c3ca209d1a,Feedspan,8/22/2021,us-west,585364,closed-won,63
a397b543-a7a4-4e1b-80ef-3e9a6d7b5836,Photofeed,4/29/2022,emea,821872,closed-lost,24
9a04c969-c9a7-4094-8638-a5d3f0b5166f,Podcat,9/13/2021,emea,1669156,closed-won,21
1c1e3631-8474-465f-ac13-dbba6fc2dcc7,Bubbletube,2/6/2022,us-west,690849,qualified,23
d8199ecf-e860-4528-a287-420f5b603bc2,Quimm,5/11/2022,emea,1909724,open,96
460eeba3-07a2-44c7-837c-8673aa04850d,Yata,11/2/2021,us-west,1377195,open,28
8dde156d-fe0d-4d0e-b8f6-fc0bd03192ad,Agivu,5/3/2022,apac,1959217,closed-lost,33
e491d6aa-7712-4266-bf22-c70257d7758f,Jabbertype,11/24/2021,us-west,202269,discovery,39
d925b3d6-364e-4c43-8886-aec55cb18233,Linktype,10/18/2021,emea,542627,qualified,57
e3f401c5-0a8d-459c-a72b-3ca18fd6b128,Dynabox,1/19/2021,us-west,1609624,closed-won,25
285f2684-06e5-4cc2-aee8-959cbd0a9a4f,Ntag,2/19/2021,emea,1134053,closed-won,79
39aa2e44-e2c5-473c-ae34-764446ebf3a4,Gabtype,5/23/2021,apac,1172803,qualified,16
7ff68ad6-774e-4845-89c4-9089e2d4a5d0,Jaloo,2/16/2022,apac,919807,discovery,86
6f22c277-ecc0-4814-a292-682650b6d135,Yombu,1/22/2022,us-west,1662523,discovery,56
5981013f-05ac-4c35-8209-e162652790d5,Jayo,1/4/2021,us-east,1667057,discovery,66
0feb6ea1-9f57-43ea-9401-abff9f534473,Mynte,9/29/2021,apac,1792892,discovery,44
88d6872a-8665-4250-841b-4d047c0a79ae,Rhynoodle,6/14/2021,emea,761685,closed-won,1
a3f96c70-ec18-42c6-9ecf-8259ab8a94e6,Rhyloo,6/10/2021,emea,1453102,open,31
dd508027-c12d-4bc0-83c5-7e0d8a6a68aa,Topicblab,10/19/2021,emea,1375247,closed-lost,64
18539c18-7619-450a-a2b3-84dd1f65ad67,Tagcat,3/17/2021,us-east,1039663,qualified,92
1237ff73-0446-409d-a7e5-07a738d5f664,Thoughtbeat,11/5/2021,emea,1629999,open,88
ec2f7b02-0a56-43f2-9e5c-f6da3a2dc64e,Quatz,3/28/2022,us-west,1684444,discovery,88
673acc13-a6eb-4456-a5bd-a716662353e8,Skalith,5/30/2021,apac,1391695,closed-lost,72
b248c41c-4325-4e43-aebe-a2e717f99828,Oba,5/2/2022,us-west,1424803,closed-won,26
f4e39c31-6277-498e-9902-bc05b841395b,Photobug,3/28/2022,apac,703131,discovery,42
95c1e9a0-a65d-490a-a390-f45e320ace34,Quaxo,4/19/2021,emea,1824463,qualified,28
6527eb60-10f4-4c82-9e52-4677189a84f5,Devpoint,2/28/2021,us-west,1067796,closed-lost,25
a7bb7555-f50e-4445-9e3f-265ca421a6bf,Ooba,3/1/2021,emea,1828485,qualified,24
61e90c9e-7583-48d3-8442-2607d48ae654,Topdrive,2/27/2022,emea,1117004,closed-won,83
18d39132-63c5-4627-9cb2-17a72b9d2c21,Jabbercube,4/19/2022,us-east,261703,closed-won,56
eedc9929-8233-4b0c-a2c9-c2a8b60dfe18,Oodoo,6/10/2021,apac,955096,discovery,42
caf3bf2a-fc4f-47af-8b64-f140ea9725a4,Brightbean,3/8/2022,us-east,1755637,discovery,35
f970a70d-dbdd-4a5e-815c-a8dddf73f28d,Skaboo,9/19/2021,us-east,318806,open,73
7384db70-0aa2-427f-837d-5589f5ba2aa1,Zoomzone,11/13/2021,us-west,149050,closed-lost,51
5b2a62c3-4a31-4cd3-a571-399c8f199396,Demivee,7/27/2021,apac,540734,discovery,12
268584e1-1d3c-4c5e-becc-e885f390ba00,Brainsphere,1/4/2021,apac,740126,open,14
03b98171-625f-4545-aad8-344dc3d13d88,Thoughtmix,2/5/2022,us-east,1221381,closed-won,26
b13ab6ee-05d4-42f7-be1b-71666b0190df,Yambee,7/1/2021,us-west,601275,open,15
05796bf3-f116-4ca5-8aa9-de742caef0d5,Livepath,3/8/2022,emea,487012,qualified,89
c1a4240e-5b84-4016-9b65-a2c6424d51bf,Babbleopia,1/16/2022,emea,400113,closed-lost,85
4c1d271e-c46b-44fc-9b44-8368421fbd32,Linkbuzz,7/1/2021,us-west,936473,discovery,75
0f8351ca-eb31-4c07-9b93-5d5a9ce1a16e,Realbridge,8/25/2021,us-west,409886,discovery,20
531effa3-7906-4d49-a0fd-4c49f82ff33a,Riffpath,4/30/2022,emea,1442803,qualified,34
98607778-4991-4e5d-9c27-74d951c7da6a,Divavu,6/22/2021,us-east,890631,closed-won,65
a08324b5-b431-4d08-9072-022fd22fd4ab,Yamia,12/20/2021,us-east,10423,closed-won,84
747fc5c2-35c6-40b7-a9c1-a96325992943,Fivechat,2/21/2022,emea,1402944,closed-lost,29
cacf54f8-cc12-4289-b0d7-4a46e50a1620,Dynabox,1/11/2022,apac,310735,qualified,14
32ca83dd-9525-4920-b509-5cd93935aaed,Kwimbee,6/19/2021,emea,517937,qualified,1
042df7be-2088-423a-bfab-01b1243ce6c3,Oloo,9/15/2021,us-west,1110233,closed-won,65
10ec5726-605a-4188-b2ee-923eed7a5fc8,Flashset,5/18/2021,us-west,387803,qualified,15
bcc85066-c3fd-45a9-9fba-216c8ad9746a,Jabbercube,8/5/2021,apac,1784253,discovery,46
ac956ea5-9ed2-4ce9-a037-2702e79a04ba,Skiba,11/18/2021,apac,431517,closed-won,45
915d6d4e-a3c2-4d23-9619-21adf4fd5630,Snaptags,12/18/2021,us-east,1872470,discovery,56
dd2bd085-b5ab-49d0-98e3-72d08b216367,Yakitri,9/6/2021,us-west,1733849,closed-lost,62
a03ac03d-2faa-4999-afde-48978e5cb8c1,Riffwire,7/26/2021,apac,1634675,closed-won,65
6b044321-3e0a-4d8c-95cb-39317b468060,Wikido,2/25/2021,apac,1088469,open,67
46ed9248-544b-4600-8b95-77b00797b479,Kazu,9/8/2021,emea,1038533,closed-lost,24
ba123949-3bdf-47f6-b758-ae98ea9a3f5b,Fliptune,3/12/2021,us-west,782509,closed-won,35
48ef6662-205a-4291-be1d-86935954a28a,Zoonoodle,2/20/2022,apac,1312413,closed-won,25
82b7d4a2-ec9c-4844-8cf4-a3eef877374e,Quire,12/2/2021,apac,1192442,qualified,44
4c8ae16c-5d70-46b5-bde7-e3ace47d2ad4,Thoughtstorm,8/6/2021,us-east,181113,open,39
e8b18f6b-0bc4-4544-a255-311c74a1d85c,Thoughtblab,5/4/2022,us-east,1978496,closed-won,60
52011aed-6ade-4a95-ac1b-2c6ec349e03f,Janyx,11/4/2021,us-west,328531,closed-lost,57
4c375c74-9b4c-42f7-a2b2-f8511454f990,Thoughtbridge,6/26/2021,us-west,206336,closed-won,15
ae9482e0-0aad-4e83-a0fc-22e1870c5eec,Jabberstorm,6/24/2021,us-west,212299,qualified,40
85e9a580-23e8-4e49-a81d-fc51baab0e0a,Pixoboo,2/17/2021,emea,1582014,open,33
940d5f5c-114b-48a8-95a2-9b4022261e85,Skilith,12/31/2021,apac,219856,qualified,18
d7b35412-6bb0-4afb-9991-d0099b021a04,Jabbersphere,5/14/2022,emea,994594,open,48
eed61fa4-65b0-4bf0-b04d-f41122539f8e,Bubbletube,1/11/2021,us-east,1315678,closed-lost,96
b344e0d2-ce01-43e8-81d5-136557181a7f,Brainlounge,6/20/2021,us-east,1997571,closed-won,96
18499473-abf5-49d5-83b0-017d6c702993,Wikizz,2/24/2021,emea,1093128,open,7
b7f37a93-0183-4a4e-bc38-efbb4268b798,Gabtype,2/2/2022,us-east,1758930,closed-won,49
e6bc6e8b-5beb-4841-b3dc-5519cd0fd824,Flipopia,1/24/2021,apac,354180,closed-won,6
c86960f1-4613-4fce-9011-0a3fff2455bb,Brainsphere,6/28/2021,emea,280989,qualified,13
16cf6c2a-3ab8-410f-991b-c6e1e5427eb9,Eare,11/23/2021,us-east,1748526,discovery,34
9f18d1e1-7f3c-4a69-ba66-5529fb406daf,Blognation,5/20/2022,apac,582479,discovery,92
ee575c69-796b-4d8b-aea3-9abe55b00151,Ooba,5/11/2022,us-west,1011993,discovery,47
935b5bb8-6245-4f7d-9eb7-0996fc839540,Ooba,1/31/2022,apac,1456800,closed-won,79
db3a7a2f-0c6d-4a3f-8860-5c429f93edea,Rhyloo,7/15/2021,us-east,120611,closed-lost,16
6b8669fd-50bc-4f67-8cdd-46235f0032e6,Bluezoom,9/1/2021,us-west,72396,open,76
777aabcb-e4e9-4eed-89c4-19f83881d437,Twitterbeat,2/23/2021,emea,912385,open,64
da03bf92-6b1a-4cb2-915b-a2e918da7ccd,Jabbertype,5/19/2021,apac,1637424,open,74
b3e8c2bd-3202-421e-9e42-dac6de65e882,Viva,2/18/2021,emea,927600,discovery,13
db4c11cd-534a-4bef-923f-0657d8035035,Browsedrive,6/18/2021,emea,1005579,closed-won,76
f69dbd6c-aa5f-4ba1-8f70-fa87acb41055,Wikizz,2/12/2021,apac,1632117,closed-lost,11
2143e46d-26cc-4d10-8550-ccd1d4899d9e,Trupe,3/9/2021,us-east,1702095,closed-lost,22
f7ffd5b7-6ff4-4bb8-9d3b-f8a977a0dea2,Podcat,3/25/2021,emea,1756835,closed-won,100
68bb4d41-f5be-4d98-bde8-3f0a8524f156,Jabbercube,6/28/2021,us-east,547912,closed-won,60
cb32d9fa-6b8b-4f6f-97fa-adae6508c276,Dabshots,3/11/2021,us-west,1556240,closed-won,16
0d7958da-17f8-485e-8fdf-9e6fb7e73a5f,Katz,5/22/2022,us-east,446718,qualified,38
65a31144-7e19-4c19-a5cf-9b944a2cd4a4,Tagpad,8/29/2021,us-west,577325,closed-won,94
ee0ef7ca-dfc7-4bff-a21b-606f29e25d18,Riffwire,2/23/2021,us-east,1657148,discovery,11
e323b51a-338c-4aae-8b6b-c3185725caaa,Eabox,5/15/2022,emea,1587755,open,3
3f59b8b7-b14c-425d-98d3-2e7f08e7e4f8,Oyoyo,5/7/2021,us-east,927999,open,8
e5fd020f-7609-4221-8dcd-3e100f1f7d27,Rhynoodle,5/15/2021,apac,1809774,closed-lost,2
bebd17a9-7aac-41ce-96d3-6b3edbceffdf,Flashset,1/16/2022,us-east,187831,discovery,30
f3684757-5d17-4b80-ba05-c061bb479560,Aimbu,2/11/2021,emea,962218,open,7
a62bc426-1e4e-4c03-a704-03d1f4737f5d,Thoughtstorm,1/26/2021,emea,1156050,discovery,94
077fa8f0-4006-450e-b759-d855aadebc83,Voolith,11/4/2021,apac,128951,open,98
49fd15ce-eb23-4e74-bda0-ca476e1a2625,Devpoint,7/31/2021,apac,1195371,discovery,34
3ef84411-bee5-4aaf-a258-a9d8a6f9703a,Jaxworks,3/9/2021,emea,1445258,qualified,44
2f7a2ec2-3ee3-4951-99f8-53a6a083d52a,Trilia,4/7/2022,us-east,1232095,open,71
a8da9e63-f458-4fa1-937c-72992cc5055b,Skyndu,4/24/2021,us-west,1885818,qualified,74
16772369-4c07-4b8a-8269-4ee364150b5a,Gabvine,5/24/2022,emea,1538184,closed-lost,86
27a3c164-1fb0-47e0-bb0d-14342e9f1810,Skibox,4/18/2022,us-east,1399509,closed-lost,13
0871c682-71a3-484c-991a-1bd456605f96,Bubblebox,12/17/2021,emea,1834231,closed-won,89
f649345f-cea2-4624-82de-6cdcc09be621,Thoughtbeat,7/5/2021,us-east,962993,qualified,81
2db434bd-8a54-4b1f-a6a6-279a745ed22b,Quamba,8/19/2021,us-west,759875,open,75
dd168d6e-ea4a-40be-b270-a0a390f3fd7a,Thoughtmix,9/26/2021,emea,1904095,closed-lost,9
501e4e69-5f4a-41d7-a6ef-49f9a0e3a91f,Buzzdog,8/14/2021,emea,863055,closed-lost,39
26eb2fa6-99e4-43ad-8c19-7e86a39f02af,Ozu,6/24/2021,us-west,1389025,discovery,17
3e3d2160-5e9e-4551-9060-9163880bd8f7,Fatz,4/28/2022,us-west,1933595,discovery,68
db182a9c-e74e-4601-940d-83dd0f786313,Innojam,3/3/2021,emea,226009,qualified,53
0f4bffd8-e7d0-47bc-b211-04699f6b65ac,Mydeo,6/11/2021,emea,470754,qualified,48
cdc6b74b-dd54-4256-b0f6-fa0c6aadb836,Roodel,2/20/2021,apac,1343236,open,14
d4591a8a-adcf-4d6c-adb6-36159bb910c5,Youspan,9/17/2021,us-west,455484,closed-won,61
5186c5fe-25fc-4a04-9b98-8ffa94392cb3,Dabtype,4/28/2022,apac,1034985,open,57
737ecf39-0c2a-4f3b-a1af-7bd48b75a806,Oyoloo,2/19/2022,apac,857632,closed-won,63
541a9bf5-b041-46fe-b2ad-d66e08e55677,Nlounge,3/31/2022,apac,858092,qualified,93
90c400e9-1845-4f15-9dd4-e7885893fc93,Divanoodle,2/4/2021,us-east,989992,open,58
a401c819-22e6-4097-bd2a-686949d03afa,Brainlounge,2/25/2021,us-east,1783345,qualified,27
f614f468-299b-489c-ba08-bc82de9efea7,Shufflester,3/27/2022,emea,384964,discovery,16
f27b810c-eef8-4179-b011-8b727122efe0,Blogtag,3/18/2021,emea,1619375,open,55
595749ac-3a5e-4a4e-9ead-3d52c3804ac3,Brightbean,6/13/2021,apac,903210,open,88
da3cd475-0029-496d-b8a3-609ec2bde249,Gigashots,3/7/2022,emea,1222564,open,49
d0899903-dd28-4dd3-9270-ca8e12f84fab,Jaxnation,9/19/2021,us-east,1284871,closed-won,37
ca3c7370-ed90-41f6-b6d9-030df53c2b43,Quimm,12/25/2021,apac,1611379,closed-won,61
dc6451c6-dcdc-4088-8981-403b8542cb00,Divape,5/14/2021,emea,371273,closed-won,4
3030c422-a468-4a54-9811-2b5106dd4a89,Tagpad,1/28/2021,emea,1314809,open,58
8a286c2c-57f9-49bc-a916-ebafccc77a11,Vitz,2/27/2021,emea,999357,closed-won,3
c8322382-e869-4c89-af04-3def46638c81,Trudoo,7/3/2021,apac,1029705,discovery,28
70c99d38-6c6e-4fcf-b444-92aabea930b3,Browsetype,9/13/2021,us-west,1671921,open,88
cce51cff-53b0-4fd6-ad22-2fe4edb78e15,Mynte,10/23/2021,us-west,1403452,discovery,78
a08a0a14-dd26-4ddf-94e5-04401f7aada5,Twitterwire,8/29/2021,us-east,252054,open,48
41e2e157-29ea-476d-8c1b-5ffce6f8b410,Meevee,3/2/2021,us-west,1715199,qualified,65
f9096c00-95c2-4fb9-8b2f-3a724e96bbb5,Jamia,6/28/2021,emea,1299258,closed-lost,63
25732793-b7e3-470f-9b38-05d4ed3b91c3,Skilith,2/6/2021,us-east,1046203,open,58
f977bfd0-0720-4667-987b-86c634924ee2,Wikido,5/28/2021,emea,1970008,qualified,59
0287c786-bf9b-48c2-a5f9-b7959ace94ef,Roodel,5/5/2022,emea,406390,qualified,39
3317c591-6285-43cd-b30d-f8649c4e9445,Jayo,1/15/2021,apac,245897,qualified,13
823f62c6-53b6-4b6b-a85d-38682cdf469c,LiveZ,1/30/2022,us-east,1824377,open,70
a20115c2-d873-40b5-bb90-68aa7da75d4d,Zoomlounge,7/19/2021,us-west,1529329,closed-lost,43
e4bb71da-6e87-46eb-b7e2-44de46dd9fdc,Tagpad,4/25/2022,apac,1360115,discovery,45
23e7e500-4071-41dd-84d0-52dd02ef4ea1,Twitternation,4/10/2022,emea,363200,open,96
eb5aba24-e119-4413-90ef-95548ef5de45,Browsezoom,3/8/2022,apac,1361992,discovery,36
1213719a-e4ec-485a-807e-c551fefb9ead,Roombo,1/29/2022,emea,64323,open,32
74b9f406-a1fd-4d8a-9de4-5af993f98f70,Twimm,3/22/2021,apac,578698,closed-lost,8
0fd70c52-5185-4a15-97ca-28d04cf0810f,Tagfeed,8/7/2021,apac,457366,closed-won,34
5093d82f-7319-429e-aad1-d1871a108030,Fanoodle,6/9/2021,us-west,919751,discovery,73
4c5c5a1d-1e5c-49dd-a213-32df6a630a98,Wikido,12/1/2021,us-east,864922,closed-lost,98
3c51746a-adb0-431f-a35b-878cf8e5c459,Browsedrive,3/12/2021,emea,1636027,qualified,17
d94ff08f-ea1a-4e6d-b96c-0d9646c39e9b,Linkbridge,10/25/2021,us-east,1766307,discovery,19
38dfa401-83f7-4ceb-b779-5dcc391c8d43,Yacero,4/30/2022,us-east,1556245,qualified,90
ef98a35a-18a5-4c3a-941e-d790937da031,Topdrive,4/10/2022,emea,1427697,qualified,53
c29cd275-b9b5-4a1f-a9c2-7ec2cb107598,Tagchat,2/22/2022,emea,1111977,discovery,83
83decacf-6c62-4fe9-bf9a-5643169a9ab2,Fiveclub,5/15/2021,emea,426850,open,37
daa81366-1482-4d45-8f94-12961207595b,Yakidoo,3/13/2021,apac,1008403,closed-won,19
0d3cf4af-bd4a-4b83-85c8-80bb320c1d63,Wordpedia,5/8/2022,apac,978607,open,1
764d7e77-6231-4dc2-8969-6517f03b9dd6,Quinu,4/16/2021,emea,1199376,qualified,6
d3a59891-c860-4528-9db4-41835dd8dbf3,Realpoint,3/12/2022,apac,1778042,closed-won,2
5540b89e-f3f3-45c5-8b34-28dcc5a311c7,Skilith,10/22/2021,us-east,1801075,open,22
6287a5d7-eb59-46ac-a37c-4b3a6d3358d1,Camimbo,4/5/2021,emea,1743353,open,48
d9777f34-4c65-493b-9780-1920f43321f4,Mudo,7/8/2021,apac,1315641,discovery,77
07be5136-bcce-4087-a995-5a44e14fbc6c,Devbug,4/24/2022,us-west,273617,closed-lost,71
4b63f160-ce81-4b9a-b809-cdb46840439e,Kwideo,2/2/2021,us-east,1224141,closed-lost,16
c88e1018-48c7-433b-bcb5-be17f79c7537,Buzzster,2/10/2021,apac,374398,closed-lost,33
017570de-7b81-40fa-8ad5-a24066603dfd,Thoughtblab,4/6/2022,apac,1629965,qualified,86
b605bf4c-054a-4a79-9924-ff91d7d61fcc,Avavee,11/13/2021,us-east,1080284,closed-won,95
c951813d-6237-40be-b132-7b51a5d1b621,Vitz,11/9/2021,emea,284018,closed-won,37
c953f962-f7df-43b5-9a23-f7c6086fbd5c,Dazzlesphere,4/21/2021,us-east,1789574,closed-lost,58
f425f936-f31f-43f6-a6e0-3efcaa4c3e69,Topiclounge,5/6/2022,us-east,1130832,qualified,39
66052b79-949a-42e7-8d40-ed75592fd4cf,Trunyx,2/19/2022,apac,349384,closed-won,90
0cad8af3-cfb9-4e5f-87d9-0f8fac87232d,Twitterwire,5/6/2021,emea,754975,closed-lost,46
bd3a0c03-08e1-4150-9113-c873b6a692b1,Twitterbridge,10/13/2021,apac,1080869,qualified,9
f0fa5d76-8d14-4528-a496-7645e8ff7000,Yodel,1/6/2021,apac,1869405,closed-lost,51
195ca62a-fbb1-4cdc-8222-a87dfd3318c4,Yodel,1/17/2022,apac,1380687,open,85
385480ae-c786-4f75-b0d9-9288dd271002,Edgetag,4/21/2022,us-east,1131369,closed-lost,48
46ac4832-c03b-4703-b835-970d105a9ce8,Zoomlounge,8/17/2021,us-west,669571,qualified,98
d164920b-404f-47be-9330-60f93908c627,Shufflebeat,11/5/2021,apac,269779,discovery,62
9bc7a856-df59-490b-9690-35bf4e6efecc,Quatz,3/22/2022,apac,1328785,open,98
6235a02b-8f53-4023-8855-26ffed3a2e8c,Flipbug,11/7/2021,us-east,252833,closed-lost,16
2bbddb9c-2ba7-4d82-a142-959f2400281e,Quamba,3/28/2022,us-east,131326,discovery,66
0f00b9ab-3759-490b-9507-84ed633b5bdb,Jetpulse,12/12/2021,emea,529916,qualified,44
8d3d5700-69a8-45ba-a153-46077131be46,Riffwire,8/8/2021,emea,492019,open,7
69189efb-da6f-4811-ac66-4f03d5bd4e1d,Mynte,2/28/2021,us-west,687803,closed-won,25
706c730c-46db-4fcc-803c-a37c4a2da439,Cogilith,3/16/2021,apac,414720,closed-won,48
e366188e-c26b-4a8f-abd0-32d9e1793aa0,Jabbersphere,9/19/2021,emea,893658,discovery,43
9a32eb84-9b4d-4338-a9c1-36ec834d09a7,Tagpad,3/25/2022,emea,1534621,closed-lost,22
185ebac1-253d-4041-8445-70f93d1623ad,Kwilith,7/27/2021,us-west,142106,discovery,91
d2d12fbf-94be-4b94-abb8-0bead378dec5,Camido,11/20/2021,us-west,871533,qualified,32
eb65d6fe-510f-4ad1-af3f-ddc65fb82647,Realbridge,10/19/2021,apac,1841140,open,96
394ba86d-d19b-47f8-8fae-f187b291d4ed,Avavee,1/21/2022,apac,1403749,qualified,82
7be19507-49b0-45da-b6d4-c4b403401533,Twiyo,3/2/2022,us-east,1034291,closed-lost,88
2802ad20-67a3-4ac0-ab73-8bfc17f6bdce,Thoughtmix,10/1/2021,emea,957651,closed-lost,48
309e4053-06fe-40eb-8081-7fc933f4dbfd,Mycat,7/20/2021,emea,466277,open,98
025a0f7f-2b02-4d76-9e40-099b48205831,Skilith,2/24/2022,emea,1217764,qualified,15
8ab980ce-240f-4cc5-8470-fb78ae9415cf,Brightbean,11/6/2021,us-east,436376,discovery,9
2b20cae0-8dc4-49a4-8d9a-4427f131a617,Yamia,12/27/2021,us-west,260465,open,3
5e1677b1-5eaf-4bad-abfb-9596957a648b,Twitterlist,2/7/2021,apac,486714,qualified,33
4439cdbd-3466-4a76-8286-e3d34ad013d5,Gigazoom,6/19/2021,us-east,1968740,qualified,46
e504ba1e-a27b-4e03-b6e7-4976b5dfbf33,Midel,5/28/2021,us-east,1414412,open,19
0a2caf99-2941-46b1-9f36-b499cb7fa564,Shuffletag,3/15/2022,apac,1191859,discovery,4
b83c828d-4e8a-4302-85a3-df76d134f656,Voolia,2/15/2022,us-west,1935854,closed-won,7
59fff1db-7895-418d-a89d-12a83b602d26,Thoughtsphere,6/18/2021,us-east,437714,qualified,51
b53b7d31-9bd3-4242-8bd4-9a28eadbdffb,Jabbercube,12/12/2021,us-east,750981,open,81
6c7db1bc-9b8a-4137-84d6-7370321dd919,Digitube,2/12/2022,apac,746363,qualified,80
910438be-22a1-4f9d-874d-974487e4401c,Einti,7/31/2021,emea,1624851,open,10
5d95f410-6a80-40c5-873c-0aaa85d2f1dd,Ntag,4/30/2021,us-west,771513,discovery,30
813a7934-7dd4-4042-96ba-066705fde9d6,Topiclounge,9/2/2021,emea,487651,closed-lost,72
ed40e5f4-c678-45be-8ae2-4599f7b0c0a2,Blogtags,1/23/2021,emea,1066123,closed-won,50
b12fc9a7-a3d3-4b76-8002-326f7ecd06db,Lazzy,5/6/2021,us-west,868050,open,22
78472c59-0e65-4749-90d2-9172a0f02ca1,Linkbuzz,6/10/2021,us-east,971631,discovery,88
e10d5d5f-99cd-4d82-80e8-0eccfefd7e54,Kimia,9/25/2021,us-east,524548,closed-won,87
7850603b-b316-484e-a90f-e83934387680,Tanoodle,3/12/2021,apac,1804690,open,60
d04a12a8-b306-4ab2-9737-c7378b6178ca,Aimbo,4/24/2021,us-east,1516499,open,73
d05175e9-6de5-44cd-bca4-90d0505cccf7,Yabox,1/11/2021,apac,1951730,closed-lost,71
63790398-fb46-4790-9882-8f57111a1cda,Brainverse,1/30/2021,emea,1886513,open,49
9896a352-3329-4857-afce-39e49afb60c3,Quamba,12/20/2021,emea,1622380,closed-won,46
ffbe0c06-e98d-46f9-b80e-b49b5943d5d0,Divanoodle,9/27/2021,us-east,724193,closed-lost,71
f9d6b45d-f89e-49cd-b832-470f228a870d,Skaboo,11/4/2021,us-east,1893286,qualified,56
3c65e42b-0249-48b4-a11b-9804704ac930,Innojam,5/5/2022,emea,205659,closed-lost,36
3079f43a-a2b6-4d09-9c25-9df80a66349b,Eazzy,3/11/2022,apac,1114368,closed-won,58
48bf691e-8df4-4c0f-b87b-f70f27333a57,Vinte,3/25/2021,us-west,1926664,qualified,1
aa311e06-bccf-4df1-9a6d-c9225113b3f6,Skilith,4/25/2021,us-west,1644819,closed-won,36
f258b762-6fa0-4d3b-9295-5d6c355d28a6,Youfeed,12/4/2021,apac,296975,closed-won,75
0c8e71fb-cf5d-46ab-b122-ea46a9e19122,Avaveo,12/20/2021,emea,796549,discovery,51
0b5541da-6f8c-4d49-a454-771268aff5b1,Fadeo,2/13/2022,emea,587093,closed-won,72
a25d2e42-ce7a-46a1-9bd6-d0d89a2e6f93,Cogilith,5/11/2022,us-west,1618461,closed-won,38
503dd3b3-1fa3-4f14-b710-15b699c9fbc2,Demizz,4/4/2021,us-west,933018,discovery,55
d0986a85-4b19-451d-b83e-8f32610d4d57,Vinder,9/7/2021,apac,1177809,open,77
ba5179a8-7800-41ef-acd5-38fcff6cf68a,Jabberstorm,5/2/2021,us-west,532282,discovery,54
7003525a-52fb-4cfc-bb18-181a64f9cd07,Edgewire,9/21/2021,us-east,880789,open,81
ce83b953-5aa4-4d96-b4c3-48d1eaa6f0b2,Gabtype,7/8/2021,us-east,1283960,qualified,49
49c73d57-3f74-426b-9576-04bcddaf6202,Geba,9/4/2021,apac,1231810,closed-won,5
da022780-16f1-4706-bc9e-dfb24003833e,Topicblab,1/22/2021,us-east,214703,qualified,64
d3d18c59-38aa-4ad8-921b-38ca0e94a397,Fivespan,5/23/2021,us-east,645770,open,1
acbf9f9f-ac44-4f0f-b07f-9a0cda3c9f11,Meetz,6/18/2021,us-east,1137906,qualified,51
19254b8e-eb0f-42bf-8afe-f3bff90bfb61,Fivespan,2/10/2021,us-west,1141180,discovery,99
baa5fd4a-cf57-4ddb-b0d9-bb30e5964bc4,Wikivu,6/17/2021,emea,909588,qualified,86
19f4891d-d69c-47b2-9ae8-18d36e154cc9,Yotz,2/25/2021,us-west,1665763,open,54
535f3704-db3a-4045-abf0-8feb21646396,Babbleblab,7/29/2021,us-east,350615,discovery,67
ba8ebdf8-dc29-4ac5-ab66-08eaf81647a6,Linktype,6/7/2021,us-west,221162,discovery,51
45e46eeb-4e39-4afc-84f9-cdda69a87d3a,Layo,5/23/2022,us-east,658834,discovery,23
a87a134b-a8de-445c-abce-0a3f0b9f0de6,Twitterwire,1/15/2021,us-east,550865,closed-lost,41
f64e8882-c9bf-4284-98da-97aa3b5d029f,Zoomdog,8/21/2021,us-west,1763731,qualified,1
1810a3f4-5461-4309-9acc-8a5d4e856831,Rhycero,1/18/2022,us-east,1711026,closed-lost,9
80e4a7b2-6286-4489-845c-3da387709151,Latz,8/4/2021,us-east,308725,open,32
7535bc3d-640b-4686-b101-f4af38368c2f,Gigabox,6/17/2021,us-west,1963981,discovery,44
3390ac3e-f500-463a-b7c7-107a1870e449,Yozio,4/21/2022,us-east,1258082,closed-lost,75
709306dd-f4d4-4d3a-ace9-0a6fbfc74074,Blogtag,9/19/2021,apac,389893,discovery,84
72d496ae-d626-4028-9205-b79e785fd749,Avamm,7/23/2021,us-east,726218,closed-won,46
422ef509-5744-4287-86cd-a2be7e3b697c,Mydeo,5/11/2021,us-west,1530561,closed-lost,52
a6663f42-71d3-41d4-9d77-a3fb585ed578,Plambee,1/4/2022,apac,389007,closed-won,96
f8298407-25e0-4b7f-8d06-8e20c0d5cc9f,Cogilith,11/12/2021,us-east,700615,discovery,3
a8494cbf-f9a4-4b7c-9fcd-0fc2dd1de413,Meejo,5/24/2021,us-east,258234,closed-lost,20
b5925abd-d73f-4a67-98fd-af985e105c17,Wikivu,10/24/2021,apac,1742568,closed-lost,6
c50c45df-30b1-4a4a-b06d-7d5bbb28677c,Kwinu,1/18/2021,apac,148058,closed-won,88
a1a9ba14-2826-4e55-9b1f-b32dc162849b,Brainbox,10/14/2021,us-east,1488511,discovery,73
e1b35665-1b38-4bd2-8a65-4aaf671f8099,Thoughtsphere,5/9/2022,us-west,1188456,qualified,74
22c3b2f3-3ed4-4339-be70-f369149bb950,Rooxo,3/28/2022,emea,183758,qualified,40
bcdaac62-2b70-49b9-a6d9-3f5d12ed2b55,Rhybox,5/22/2022,emea,371547,open,17
c20bf85d-d00f-4b3a-bfc6-b87db142b129,Centimia,9/29/2021,us-west,594346,discovery,55
5bbb11bf-7484-4be2-8b2a-4937999546e7,Ntags,3/21/2022,apac,1737824,open,74
44c02bb8-e611-41a1-8fa9-2f64f9b2c733,Zoomlounge,4/29/2021,emea,1152513,qualified,29
dad55ea2-8d3f-4ba2-8697-493d0cebb485,Miboo,3/11/2021,us-west,47579,closed-won,55
488aaf86-c5d7-4316-832b-e7e141d85e80,Yakijo,10/7/2021,apac,830007,closed-won,36
32e9c5f3-4022-4b7e-be7b-fe537d7fdb72,Digitube,11/5/2021,us-east,1984961,qualified,96
c262a21c-c3f4-46df-b666-47588b6bde74,Dynazzy,9/19/2021,us-east,462931,closed-won,47
a4d0b2d9-18cd-47ff-91c6-63ca494fc83d,Mycat,4/25/2022,apac,1395306,closed-won,56
87802555-a9ef-4bbc-b3c7-51613dd9edc1,Photobug,4/4/2022,us-east,1206393,qualified,99
a319f7e6-9647-40f5-a67b-c902af5149f0,Izio,11/25/2021,apac,958860,qualified,8
3f2e86e5-3683-4c48-808a-90af55963991,Voonyx,6/13/2021,apac,939597,closed-won,4
8b3a2f3b-2e02-4816-ab48-64d582c22604,Jabberbean,12/20/2021,us-west,653093,qualified,97
b8c8a0ca-fab9-4364-a304-ccedd9ca8f80,Oyope,12/24/2021,us-east,1047016,open,94
f6da1204-86ef-44dd-a90d-3ef292689636,Skyble,8/10/2021,us-west,1638349,closed-lost,41
f7ca964f-7a6a-4f70-8aa2-7e26849e6f61,Buzzdog,9/20/2021,us-east,1406420,discovery,70
63926132-62f0-40e3-84a6-a6f87db0580a,Buzzster,2/14/2021,us-west,370379,discovery,13
8e4f8674-38df-45b5-acb4-883657413b4a,Yata,3/23/2022,emea,321164,closed-won,69
5f43d8c8-bc1d-4475-afb2-6235dc2876b5,Yambee,9/24/2021,emea,1919016,closed-lost,13
00f3bf16-ffb0-4eab-a8a2-91754d553543,Yata,7/16/2021,us-east,915219,qualified,42
ed1e88f5-54fc-4091-8a63-d416f388f893,Twitternation,2/4/2021,emea,301756,qualified,4
1f1358a0-f44e-4db2-8e98-007888a54c7f,Eayo,4/7/2021,emea,126210,closed-lost,47
e1b701a4-1c85-4646-a2d3-9033bc2a615f,Jatri,1/23/2021,us-west,1682953,closed-won,17
29b3f5b8-27c4-41af-beae-94e872b080bd,Mynte,11/6/2021,apac,67594,closed-lost,3
3b4580f6-638a-45a2-a7a2-74d6e4f97ce6,Browsebug,3/7/2021,us-east,945462,closed-lost,54
5305bf33-944b-4bad-bbb0-c3124479f9d1,Eayo,2/22/2021,emea,499742,discovery,37
d97c971b-85e0-40f8-9c0c-28cd82cf93b5,Photolist,3/5/2021,apac,1183456,open,18
a38ee202-f09b-4d8d-bfb0-93eb25b5ff27,Tagchat,3/12/2022,us-east,1851970,discovery,99
d91c51a5-720f-4cde-943a-21404b72b22a,Skyvu,4/19/2022,apac,152651,discovery,34
9e005ebb-7f4c-4790-9048-f4f04804043e,Kazu,12/21/2021,emea,1081981,open,47
aadbb585-0fd3-4865-806b-eaad0942d3ab,Topiclounge,2/2/2022,emea,177291,open,96
8868111f-f009-475c-801d-6536dfddbcb2,Fiveclub,1/7/2022,us-east,999257,closed-lost,75
f5f643e9-d04c-4c23-ad15-b847e618f6fc,Ooba,4/15/2022,us-west,440630,open,89
45ea8cfd-811f-4898-9433-c3ebbd64e99e,Ozu,5/12/2021,apac,1406566,closed-won,35
5c03ff3a-6283-421f-8a72-6bb185b9caad,Jazzy,7/9/2021,us-west,668744,closed-won,23
e09cf867-efc7-49bd-9008-4520e82a7cad,Teklist,7/4/2021,us-west,1919353,qualified,44
0a7f1a46-f983-4d74-9828-9ea975b2265c,Agimba,12/4/2021,us-east,1408772,closed-won,93
8432a776-f778-4155-9ab6-01a83862239f,Eazzy,3/2/2022,us-west,769685,discovery,76
c8930870-5089-47fa-9587-dac39f2117e5,Photobean,11/8/2021,us-east,620319,closed-won,62
44b46bbd-1311-47a7-8451-0b0f3c9f82ed,Zoomlounge,5/6/2022,apac,1627483,discovery,2
46e9335f-11f1-416f-b604-8de20a33c67a,Skinix,2/11/2022,us-east,1191985,open,71
69e4c095-1abc-449e-b935-9f883eabf15c,Muxo,5/12/2021,apac,1350229,open,34
ab4dab68-232f-4994-bd6b-ef16440fd169,Topdrive,10/15/2021,us-west,928457,qualified,88
565e076b-e00c-44b1-ae09-f5d5035ba004,Bluezoom,1/29/2021,us-east,965529,open,57
f3958c02-45d9-43ae-86b1-1affcd25590a,Tambee,8/25/2021,emea,1925804,closed-won,16
89254ae1-0e40-498b-bce5-ae66b22147c7,Voonix,4/1/2021,us-west,1285172,open,71
e43c1022-b644-41bd-918c-03cfddc05e79,Photobug,4/15/2021,us-west,1458996,discovery,56
69e183a5-5c8e-4952-8abd-13e122adefe4,Yodel,5/24/2022,emea,1295378,closed-lost,18
c41a3136-3de9-4947-ac82-3dcce55a6287,Tambee,12/3/2021,us-west,702446,discovery,96
ee5d239a-42c3-4d56-bc5b-3b3b30634d88,Flashdog,9/14/2021,us-east,113568,open,99
95395d6b-3a9d-469e-b331-a442da37876a,Rooxo,1/21/2022,apac,1115707,discovery,5
3d5863db-40a4-441a-a52c-0c7076bbd025,Kare,4/13/2022,us-east,1027079,discovery,73
306b7729-8463-4276-b40b-7fe5c81cba80,Topiclounge,11/14/2021,apac,1202220,open,52
b7c00d31-7465-4cb4-be8c-d4784729299d,Fliptune,8/13/2021,us-east,710376,open,47
f36cfdbf-359b-4518-a7f1-c34bd2ddadb7,Layo,6/24/2021,us-east,433824,closed-lost,55
d59ca8bc-6f02-404b-9a1f-4c4cc616f1d5,Skimia,11/29/2021,us-west,1482654,discovery,95
4cde67d7-532e-43b5-bbd7-beae10ef20cd,Pixoboo,8/17/2021,us-west,513411,closed-lost,94
262e995e-266f-44db-a7fd-0d69f0435fdb,Zoomdog,5/12/2021,apac,1283861,closed-lost,13
2d07c05e-dff9-4751-80e7-a50fe6cf93e1,Dablist,5/10/2021,us-west,798833,qualified,76
c34b6a1e-4e6c-4cf5-913c-9884e8c1e889,Kazio,11/16/2021,apac,1602352,discovery,15
159a1b4e-46a0-4d9a-b9b0-592700635bdc,Mita,2/1/2021,us-west,360185,closed-lost,78
8067ae90-7842-40e5-8c22-b0f462d65579,Fanoodle,6/4/2021,emea,820151,open,62
fcf0e123-66c0-4f46-ad3b-35a75b241c9b,Dynabox,7/15/2021,us-east,783647,closed-lost,33
55c3c4a1-3e9b-4ad9-9f76-38cfcf96b99d,Bluejam,4/16/2021,us-west,1948701,closed-won,82
fbf50b49-f91e-4f7d-8dcc-1d52c1c00f45,Feedfire,9/19/2021,emea,347598,qualified,52
b0f04fde-b122-4302-a74c-8c8411b4dac1,Mynte,2/1/2022,emea,288372,open,88
804ddf5b-83be-46e2-b11d-9124c55aff9a,Chatterpoint,10/26/2021,us-east,1331660,closed-lost,15
37a09080-c7de-46db-8d74-bf636205b776,Babbleset,5/28/2021,us-west,983235,qualified,63
0ba4cb34-fc3f-4371-8baf-a0f5b1e6fb67,Photolist,12/28/2021,us-west,1404005,closed-won,7
8141a3b8-f456-499d-940d-bfe2bce000c5,Skyble,2/15/2022,us-west,1491443,discovery,35
979b98db-5f9e-4a45-bba3-5ed36bb4d850,Babbleset,4/12/2021,emea,14475,qualified,15
efd0b19f-ced2-4114-9bdc-7048efbe4a06,Voomm,7/16/2021,apac,1322003,closed-won,66
803967bb-c3e0-4c12-8f3d-fa5c3ae2a9d5,Thoughtsphere,5/15/2021,emea,1758291,open,30
2dccf317-7ce0-4d2d-96c1-c79a156dd751,Jatri,5/13/2021,emea,287995,open,59
31b627d6-42d2-455d-b9b8-8065318b39d1,Twinte,4/1/2021,us-west,1551810,closed-won,27
73598079-37f0-4a5c-ac7d-fe5053677ad8,Izio,9/22/2021,apac,283971,qualified,68
7a3c5f55-e46b-4538-9d06-c37b52d4b877,Chatterpoint,8/19/2021,us-east,622327,discovery,10
e0a667cb-7de9-4c85-ba76-f166c2876d6e,Youbridge,4/7/2022,emea,1065475,open,20
a80a6d5b-5925-4eb7-8aed-6b5b5b54245a,Latz,4/13/2022,emea,429751,discovery,88
fa3a5335-486c-461f-8c6b-f07663c17311,Dazzlesphere,10/23/2021,apac,972660,qualified,95
9fa0e11a-8f96-4141-b0d1-4966450beb47,Voolia,1/14/2022,apac,1974983,open,43
0d905ab1-7224-423e-9c4f-9eae13fff9f6,Kwimbee,7/2/2021,apac,427369,open,40
bfab1eff-74a9-406f-8d6b-a55fb19b34ba,Yakidoo,2/22/2022,us-east,1853630,discovery,43
084ecf7f-6d65-4dab-ad09-f247822a323b,Youbridge,4/24/2022,us-west,829710,open,84
746e5768-494b-44a8-be08-e535727315ce,Mybuzz,12/15/2021,us-west,1186962,discovery,72
9de61620-4794-4e34-8124-398a1beb2898,Blogtag,4/1/2022,apac,228305,discovery,26
3465a136-5a7c-4f04-b863-bcbf33378091,Mynte,5/3/2021,us-west,185235,closed-won,95
f87c440a-debc-4dc8-a019-6c0253e82580,Eadel,1/10/2021,us-west,1635932,discovery,92
fdd9a9cc-45c4-47e1-86f5-c2e2f498a470,Photobug,8/7/2021,apac,1900380,qualified,64
ee638afe-af4a-4372-b8ab-5a704ca4aa57,Quatz,1/5/2022,us-west,288623,qualified,13
65588914-e125-4d61-8af2-1a356b0315fd,Browsecat,11/24/2021,us-east,414182,closed-won,24
c87bcd25-c022-4b82-aedd-c8f3a7c775f3,Mynte,1/3/2022,us-west,1756996,qualified,85
079c235e-25fd-4747-bc9b-27ee6dd9f834,Riffwire,4/29/2022,us-west,1951685,closed-lost,5
080ddc96-e7a0-4d98-8456-b945d4662200,Jaxworks,8/31/2021,us-west,202166,closed-won,16
995887d1-fba1-4473-8412-d8ed86a14fb7,Flashset,5/17/2021,apac,1956183,closed-lost,48
4b00eade-ed9e-4ff7-8b73-3c7116339400,Rhycero,10/25/2021,us-west,1481645,closed-lost,23
d53322d2-303c-441a-884e-cd3f49403586,Browsedrive,8/14/2021,us-west,515637,discovery,90
51f707d2-eb30-465c-bed9-cfa0a6801fe1,Eayo,1/22/2022,apac,1896115,closed-lost,7
1e0bc207-83e4-475a-81e0-5eb173abe4ce,Oyoba,12/8/2021,us-west,1758611,closed-lost,89
554c00ae-29c9-417f-8a1a-6da9e3a96f88,Kanoodle,7/29/2021,apac,1778905,open,80
25009a1c-36a7-457b-b489-0932c1d39d0a,Centizu,4/11/2021,us-east,354740,discovery,52
33fcc0cf-5d47-45fa-90d0-8150c8871781,Jaxbean,9/24/2021,apac,1085846,open,29
51e6d6a5-9929-4041-8ceb-fa5c70c24e52,Agivu,5/28/2021,us-east,428302,discovery,63
58678dba-0e4a-4b4a-af46-ce45d29672bd,Lajo,2/9/2021,apac,1539384,discovery,27
f0e3f1ed-d972-4176-8c33-05dcfb8d1bd3,Skimia,10/26/2021,emea,1961580,discovery,15
0a1d1a2b-0784-4cf2-a526-80989488f6f3,Trunyx,2/12/2022,us-west,422882,qualified,40
d2bfe013-75df-4b40-b16e-adcbab994119,Meemm,10/29/2021,us-west,1614576,qualified,82
85087185-370f-497b-a7e3-ac8e7febac79,Skimia,11/15/2021,emea,201089,discovery,77
331b7c9f-5ff6-415c-8ae5-de14c91211c5,Edgeify,1/3/2021,emea,559076,closed-won,77
4ae3930a-39c5-4ba1-bf2b-9c3aac75ac19,Meemm,5/29/2022,emea,1202423,discovery,19
3c32c2f0-6e63-4907-9f2a-de41059bdbac,Linkbridge,11/29/2021,emea,231449,closed-lost,8
9d1d3905-5871-4e9f-a1f6-8d55d16f073e,Realpoint,11/12/2021,apac,293679,open,71
60f9c8cd-3ad7-41dc-925f-4a2ec83c04f6,Oyoba,4/8/2021,us-east,1809140,discovery,18
5424942b-138b-4a1b-8b31-4487e2ab55f5,Dynazzy,12/24/2021,us-west,1829752,closed-lost,61
3213490b-f862-4066-94f7-d1ff63129e00,Yodel,2/13/2022,apac,132425,discovery,19
35c96e54-a968-45c8-a757-9d3a2ade1f96,Voolia,3/24/2021,us-east,1873791,closed-lost,20
9b087fc9-1f9d-4a28-9e24-479028be333f,Aivee,1/10/2022,emea,1955837,open,39
acc795cb-5a43-49ed-8e15-b6de21926064,Linkbuzz,6/14/2021,us-west,1655665,open,61
d2cf8d9a-8c28-4982-943b-44ddbab46eb1,Roombo,9/29/2021,us-west,474816,discovery,43
7f40d353-880a-4876-a69f-1a3633f4af64,Realcube,6/2/2021,us-west,931383,closed-lost,82
e3da5af1-ea44-4dbb-99be-201b8b57df27,Quatz,1/3/2022,apac,405370,discovery,43
b9f14b33-bafa-471b-9d8e-f1846f86c8c5,Lajo,9/5/2021,emea,128145,qualified,94
a266a041-efd4-43ed-bf4d-68e0e78ef17b,Yodel,12/25/2021,emea,911410,closed-won,68
270884a5-a619-4b91-871c-e4e790d27745,Eare,11/16/2021,us-east,1947930,closed-won,100
06de6c5d-2398-4882-ab6e-dbfcd719c7f9,Dabtype,2/19/2022,us-east,955263,closed-lost,25
7d27036b-ff0d-45ab-8cee-0af3e7250c02,Oloo,1/9/2021,us-east,1886631,closed-lost,71
f6b7a775-5411-4dcd-87bf-e6adbfc6148c,Flashspan,8/17/2021,us-west,36074,open,72
fc25c5c7-8c4a-47cf-925f-6678a8808c1f,Bluezoom,5/21/2021,us-west,1536719,qualified,100
ef21e1b4-195d-49b5-95af-cb12b6df0f1d,Livetube,5/16/2021,us-west,1467198,open,51
2520b9e1-787d-4444-b3ae-4a8471790b69,Omba,3/1/2022,emea,1049574,closed-lost,55
19378661-adb9-4d04-996b-d7e2022d7493,Twitterwire,2/27/2021,apac,877813,closed-lost,30
cf02bb95-b434-45c1-b11f-10bdde47285d,Layo,11/30/2021,us-east,1322670,open,30
3dabd61c-cbff-4ddb-b68b-f225c355442f,Kare,2/19/2022,us-west,156280,closed-won,15
d5fa2075-e561-423a-9560-3b88bfd046b9,Demivee,5/21/2021,us-west,302689,open,38
6f114e4e-4271-4f3d-952b-1c5db7c45afa,Quamba,2/21/2021,us-west,1711636,open,23
680f29e6-253a-482a-82d1-f769e22e1c19,Skaboo,12/23/2021,emea,244724,discovery,59
6579b885-ef87-4b86-9a7c-fe25c4d6aa33,Ailane,3/24/2022,apac,1827863,qualified,11
fe153a89-b805-4139-85b6-cf8703af0dbb,Linkbuzz,2/11/2021,us-west,1168529,open,34
2d55b62e-f4a9-4249-ab88-200562c1a8a3,Centimia,10/5/2021,apac,1179533,open,35
c7e521c5-6c4b-4500-a54c-111aab269993,Quimm,2/8/2021,emea,1243417,qualified,99
ce0427e3-3c51-4649-b811-2b5194b500e1,Quatz,5/21/2022,apac,145423,closed-lost,95
878c847a-0ebc-4f2e-a253-8d8df9dbedf3,Pixope,4/27/2022,us-west,378612,closed-lost,13
16d3293e-0437-4284-9e1f-28bf86fb5674,Jayo,12/4/2021,us-east,494579,discovery,78
cdd46db8-b35c-43a1-bd7d-0791afdcb8d2,Jetpulse,9/3/2021,us-east,501117,open,17
f74eb8b0-de9b-4d38-b4fe-ef64e1df2ded,Flashpoint,3/7/2021,us-west,1232528,qualified,55
0f5f4ec2-13ab-4f66-abb7-b8d433fccf8d,Kazu,3/19/2022,emea,1485207,discovery,56
d79cc150-f480-4bb9-8f22-fc17a9000917,Avavee,12/27/2021,us-east,31457,open,25
e0b6f336-1e52-493a-acc5-09dfb09b6dd6,Wordware,11/16/2021,emea,832813,closed-lost,75
f8d82d72-9b7a-47d2-9878-5dbfb922edc8,Mynte,10/1/2021,us-west,20257,closed-won,44
1d4bb85e-01c1-46d8-bc7a-6dcb8f27579d,Shuffledrive,12/4/2021,us-east,401062,discovery,78
bf8a88ee-c6a4-4138-9cb8-36eb46d9fc57,Centizu,9/22/2021,apac,113631,discovery,18
02637cf5-e46f-4b36-ac8a-cc27bfbe50da,Minyx,4/19/2021,us-east,1028053,closed-won,92
90d7bb8f-a7ff-4267-b8e3-98f6bc2d11d5,Twitterworks,9/29/2021,emea,1997445,discovery,2
4491cf37-be71-4909-b50e-3b01e3d56473,Skimia,1/30/2022,apac,1252008,closed-won,52
4cc7740f-5a77-4684-a032-8aba28cef943,Mymm,9/10/2021,us-west,1781081,open,40
3d170e7a-7440-4f8b-9e4c-69b2f0148514,Flipbug,9/9/2021,emea,532816,discovery,85
002b836e-a240-458d-a145-304a9fb83676,Flipstorm,1/16/2021,apac,1436516,open,67
17193028-6efa-4f51-a40a-3d9b9d650745,Fliptune,12/18/2021,us-west,32024,closed-won,51
afd2b521-7d45-46c7-8a84-a2ac4cef314d,Devshare,5/26/2021,apac,543223,qualified,62
9dfdeb82-d034-453e-945d-0d2fa2d7aed8,Tagchat,11/7/2021,us-west,841757,open,42
3e294e79-d790-4527-b658-66b2f9f83509,Skippad,9/23/2021,apac,1557292,closed-won,55
d48b8fb4-0a06-4984-bfc2-49f023ce9c1f,Oba,7/31/2021,us-east,611984,open,91
58cd78ce-e110-4c27-990f-487a56bc4905,Yamia,1/23/2022,us-east,597324,open,24
66de6521-3321-409f-82f7-91c251248fb5,Twitterbeat,10/9/2021,us-east,1726539,qualified,57
9074e5c0-2c0a-4df2-8bb1-5a654bb8c05e,Vipe,12/24/2021,us-west,1082663,open,99
8e1f2abc-4c85-48eb-8e0e-46641dc4ae5a,Skalith,8/7/2021,us-east,794679,closed-lost,66
fea7aebb-98b2-4e4c-95f4-2e5f70ef2194,Buzzster,1/9/2021,us-east,1625983,closed-lost,70
bed0096c-ec49-480d-9cd2-66e3fa64e1e3,Eazzy,1/23/2022,apac,829263,discovery,18
38531cc0-eae4-41c8-8925-cf3732a43c76,Tanoodle,2/16/2021,us-west,390566,closed-won,97
782eb921-827a-463c-8bd6-80a1c61c27cc,Edgeify,7/29/2021,us-east,1415675,qualified,54
3b7ba59c-9944-4ba3-aa76-6144f294bc07,Brightdog,1/18/2022,us-west,219670,closed-lost,92
bbba9945-1fcb-4e0f-a759-c57220c0770f,Feedbug,5/5/2022,us-west,889751,open,73
5623ba59-6ce4-47d5-bcd1-eefd98acf997,Mudo,6/13/2021,us-east,1828440,qualified,37
e87b8b6d-979e-4131-be35-7eb4c7e563ab,Jabbersphere,12/31/2021,apac,964638,closed-won,21
e0c8799d-0e5a-46f8-b876-30e1d8ad7d5d,Aimbo,4/13/2022,us-east,1606363,discovery,89
a4662215-61f8-4b3d-8a36-1e03b351d790,Kwimbee,4/6/2021,us-west,71508,qualified,76
4200c750-af22-44ba-a6a3-c901a479a3f9,Dabvine,12/3/2021,emea,1583211,closed-lost,39
4665e692-7160-4303-9f1c-a2a1841f0688,Browsecat,2/21/2021,apac,1885339,closed-lost,21
f234a59c-b79b-49a4-988a-29ad2098d714,Demimbu,1/26/2021,emea,1302429,qualified,46
83b353e1-9191-4580-9b6b-9715a5913d8b,Izio,4/2/2022,apac,1031836,closed-won,49
c5fed2a0-2773-4b2a-aca5-8573d7dada8f,Mynte,5/6/2021,apac,1223196,closed-lost,28
46e1d272-cd7a-48a4-b856-751a35e210c6,Zoozzy,11/18/2021,emea,579116,closed-lost,78
7e5edf96-90a5-4091-88cb-d45692f4cdb7,Voomm,5/17/2021,apac,1923483,open,70
101294a2-6acf-401f-9b6a-a83236ac1961,Skimia,6/5/2021,us-west,1611672,open,52
1939d5d3-eca6-425f-aa86-f403d723f321,Avamba,4/9/2022,us-east,1614601,discovery,37
88dc56ee-b722-44a1-8748-0284f4e2ae17,Jabbercube,3/10/2021,us-east,1548785,open,56
71e5a6b8-9a7e-4e32-b2bc-241431970808,Fivespan,5/11/2022,emea,610087,qualified,43
3386b338-62ed-4dd7-bfba-a27dedf3324c,Miboo,12/20/2021,apac,856149,qualified,53
a408ee50-34b4-4998-bd22-427d3aa33892,Thoughtbeat,8/13/2021,apac,629627,qualified,5
5fcf24db-774b-4644-8acd-5dc8ccb498cc,Yata,12/17/2021,emea,791156,open,75
52d7dc13-0889-4e14-b263-681de44a8a36,Tavu,7/31/2021,us-east,436490,qualified,85
95b9dc29-0482-4034-b93f-364752b88c06,Flipbug,3/21/2022,us-west,1618741,discovery,24
fc7b2c77-bbba-430a-96e5-a1ecd06d3a94,Fadeo,12/13/2021,us-east,111257,discovery,95
41c46736-0f04-4dd9-b3ee-59a884d27c22,Tazz,10/12/2021,emea,434568,open,17
37858595-7605-4479-a4b6-0c4b569ef9e6,Tagfeed,12/16/2021,us-west,973212,closed-lost,15
f060ec0a-1217-42d8-b2aa-3e02415907c5,Ainyx,1/29/2021,us-east,912263,discovery,95
908e37ae-fbdd-44bc-8e51-8e7eb04108e9,Jayo,5/21/2022,us-east,393516,closed-won,77
08602111-e001-4ccf-9888-f104fc44a2a5,Skyble,6/30/2021,us-east,462643,closed-won,82
da825324-93de-4171-a632-623e87b3f3e8,Zooveo,7/9/2021,us-east,527208,discovery,52
a399cf0e-e6b2-481e-b449-b7172fdfb83e,Avamba,1/2/2022,apac,157017,closed-won,40
42123e1b-2584-47fd-9fca-5795d73b7483,Quinu,10/22/2021,apac,1119273,qualified,75
36edbaab-23f7-4816-bee2-2696491b519e,Myworks,1/4/2022,us-west,750727,closed-lost,5
fcfd7084-0dc6-4434-bb77-8729e9cdadcd,Photofeed,4/4/2022,us-east,873050,closed-lost,18
92161793-2559-4474-965a-367ddf6ef37c,Einti,4/30/2021,emea,1195387,qualified,47
9f027495-f2fe-4a81-b6dc-6fab5935b729,Zava,11/26/2021,apac,637205,qualified,33
902e8d23-593c-4b8d-9697-de0978cab76d,Twimbo,7/31/2021,apac,1311115,closed-lost,68
4499e28f-b228-4de8-b30d-979efdbd9f58,Meetz,4/19/2021,us-west,1283098,open,14
c78ae303-050e-4bd0-b156-a0b2137250a9,Tagfeed,6/10/2021,us-east,1197662,open,70
6d08051d-a4cd-4819-8ad5-47b193b1ff03,Devcast,12/30/2021,us-east,914635,discovery,14
2bc1f7ec-1cc4-443e-ac6b-a19b228783f5,Thoughtsphere,5/15/2022,us-west,1847752,open,24
12d482e9-2d2a-4c11-844b-69d5ae056733,Aibox,2/5/2021,us-west,91195,closed-won,95
5be29e92-8129-4afc-9d0d-9ab40476f997,Eidel,8/6/2021,apac,458412,closed-won,6
b9761c0f-75bb-4d1b-b04c-11f7a6ff763c,Jazzy,5/7/2021,apac,1414171,closed-won,69
e19d7abb-a074-42d5-bbe4-74d39ec18d9f,Einti,4/23/2022,apac,1482175,closed-won,54
fe337b2a-8a4b-43aa-aefd-1fce586fb81f,Skipstorm,5/12/2022,us-west,799190,qualified,85
76aa8291-cb78-4a41-bd0d-9d6c21acc63a,Rooxo,5/16/2022,us-east,631203,open,68
c8fdf857-d7d2-40da-92ee-7fa20eca34b9,Vinder,2/4/2021,us-west,1682207,qualified,51
0c237cb1-5095-41b6-9b51-a1b535cdd8f1,Vimbo,5/24/2021,apac,1271181,open,68
c396edef-4da4-445f-aeac-8a6a20e5f666,Kazio,5/26/2022,apac,973077,closed-lost,80
afaebc1c-b3fd-4035-b989-d1531d470c33,Jaxnation,12/14/2021,emea,182836,open,66
1a69e88f-5329-4ace-850e-04c7d8cbb864,Kamba,9/19/2021,apac,1191475,closed-lost,85
1890c7ed-216f-499b-8046-5c4f071120c4,Youspan,3/7/2022,us-east,695157,open,56
625192af-2640-44d8-8885-f92c2a98af2c,Voonder,7/21/2021,apac,598620,qualified,98
d7a3d923-b4a9-4094-839c-a6567354b8fc,Jaxworks,6/24/2021,us-east,1151241,closed-lost,23
943e182f-64eb-4dfe-85c8-dc020c9f9d1e,Avavee,5/17/2021,us-east,1137790,discovery,29
5d95a8a2-8cbf-4518-aec3-63976319f5c3,Mita,8/11/2021,apac,1220341,qualified,43
4b72e80a-150e-4600-9507-6e26a7248dbd,Oyondu,10/28/2021,apac,1038415,qualified,86
764e6867-42db-47d6-8dd7-c1cb813cd506,Yambee,6/1/2021,apac,1555496,discovery,29
fee7ff1b-0ed8-4310-898a-4606bf55c52a,Ozu,7/23/2021,us-east,1686811,qualified,84
9101333f-f3bd-42cf-a774-3bf7939cb5ee,Voolith,4/19/2022,us-east,706661,closed-won,15
c77d5f66-9ec3-426e-99ec-ff3fc7560585,Gabtune,7/10/2021,us-west,574838,closed-won,82
6d4d9a9b-db47-41e3-bd48-71fedd2bafdb,Riffpedia,5/30/2021,us-west,1208284,closed-won,15
01ce6710-fc81-4022-b6c6-542d79583fbf,Pixoboo,5/18/2022,us-east,524424,closed-won,76
3945b947-e010-4120-be4c-2715fb715211,Voonte,11/17/2021,us-east,334997,open,93
24e2ee9b-09ef-47d8-a26c-54d6b77a1f5c,Omba,5/13/2021,apac,1308862,qualified,97
06dcd30a-9e9f-433f-8092-b64e0f286723,Rhyzio,1/23/2022,us-east,1432421,closed-won,75
d6d19d5c-41ed-440d-87ad-bf1395a78444,Oyondu,12/7/2021,apac,1966420,open,36
33ec9ac2-11e5-4fa2-90da-ea321b6877d9,Kazio,2/10/2022,us-east,32687,discovery,14
a6eb10e0-3196-42ec-bd44-baa5d5ae766a,Thoughtstorm,7/9/2021,us-west,518264,closed-won,87
ec6f0619-c68a-46a6-b754-953855817800,Avavee,5/26/2021,apac,121924,open,20
207f5970-9626-4c29-aae5-c4d9bd5e6f6a,Kazio,4/14/2021,apac,749802,open,15
1fd7c3f8-83ac-4501-ad94-8fe5c2ce88f1,Innotype,1/27/2021,us-east,733818,open,13
818c42e4-1a19-48c5-8d44-1033a51cc24b,Vimbo,4/12/2022,us-west,360451,closed-won,2
f21e0c29-dc62-4c6a-8716-5c9a08b436dd,Youtags,1/4/2021,emea,1575878,closed-lost,1
988f602c-ec56-4724-80f5-1b27c3fe08fd,Myworks,4/14/2022,us-west,1906816,closed-won,3
12751cd6-f610-4b32-a4f7-9203bd45a07d,Eidel,10/9/2021,us-east,880099,discovery,94
18b600e2-a1b2-431e-922c-9304e0c4349a,Jabbersphere,8/16/2021,apac,1383563,qualified,46
32bddfe8-4c57-4b1b-8744-9756261a15fa,Jatri,2/6/2021,apac,985704,closed-lost,100
139b5314-6385-4dab-b437-92ae996f2052,Linkbridge,2/20/2022,apac,172061,open,80
07d011f6-d6ef-4471-95f0-6702f055c289,Skajo,2/20/2022,us-west,1456365,closed-won,5
66356c80-36a0-49cd-8b9a-61807d3b80cd,Fivespan,8/1/2021,apac,1538784,qualified,49
8788fff5-6532-4b0c-80c3-91f16f72fe4f,Buzzbean,10/5/2021,us-west,805209,qualified,90
c65fbea0-f5ad-48e3-83b3-a1e669173d68,Wikivu,6/11/2021,emea,1575797,qualified,30
ac4563e2-dc6d-491f-9abf-c9240e96e3a6,Ntag,11/17/2021,us-east,1414552,discovery,41
4a3e2dca-7b52-4b0e-925a-a7665c856607,Photobug,4/10/2022,emea,1843785,discovery,59
b7eff03b-1f5e-4b33-8d4d-69ab75b843d5,Trunyx,5/19/2022,apac,1201927,closed-won,41
8bc66cb7-ceae-4cfd-b365-939d2d3f34e4,Thoughtsphere,6/13/2021,us-west,1219021,closed-won,49
f7bf14e0-3163-411d-85bb-d785cdaa1ed2,Youbridge,12/19/2021,us-west,973332,discovery,80
d9c35040-ace3-488e-bf99-1808c3b0e4bc,Zoomdog,2/17/2021,emea,974121,closed-lost,22
c18dc4a6-b8c3-4744-b78a-91dc7477ec91,Avamba,1/12/2021,emea,341342,discovery,67
5183b131-de78-4bdc-935e-7fcb97564a19,Brainsphere,5/29/2022,us-east,354726,closed-won,18
600809cc-6e5d-45d8-8870-91a9cb4ff55f,Yoveo,1/6/2021,us-east,434214,discovery,81
032c3dd0-feed-4461-a6b9-2c9cb2c5d053,Ooba,2/5/2021,us-west,512144,discovery,4
d6408c6e-d873-4f8c-9269-8df702e59585,Mybuzz,1/25/2022,emea,1917098,closed-won,65
9bb78451-3c01-4124-93c0-cd4ed1be61b9,Kayveo,11/23/2021,apac,1668914,open,41
55c89493-a843-4aaf-96cb-af7993c41f9b,Skinder,5/3/2022,emea,685736,discovery,58
15964769-58c9-46a2-8d86-68d1dddd1e7d,Trilith,4/25/2021,apac,1322890,qualified,71
10605202-e740-4cc1-b499-34263de42ae1,Realfire,6/29/2021,us-east,603158,closed-won,48
509b8842-a14b-46cf-b7f5-df6c4d327fe7,Topicshots,8/15/2021,us-east,838708,qualified,64
5f2469d6-9162-49da-8fc9-414078fcceeb,Zooveo,10/9/2021,emea,1189281,open,71
ac580208-bdae-4aea-bc53-5127a94ad93a,Topiczoom,7/22/2021,apac,1678592,discovery,63
d12da079-2055-4e56-8533-e47f36cf4150,Trupe,3/29/2021,emea,1927408,closed-lost,87
56a3250d-7732-4809-8034-278f55716261,Tazzy,7/12/2021,us-east,519950,closed-lost,20
bac09b67-fa3b-4b55-85e2-9096e8d297b6,Aibox,12/31/2021,us-east,1126202,open,31
406183b7-fb26-4716-85d0-b2d606cdb7ab,Bubbletube,3/16/2021,apac,751794,qualified,66
fad1259e-1b00-417c-b5ce-59cec05d36f0,Pixoboo,2/18/2021,apac,1356962,closed-lost,63
a9e3e222-f1b9-4374-abd2-ab9a49ae3d35,Divavu,2/15/2022,us-west,1103757,closed-lost,21
31c26241-d77f-4f89-9b41-f89c6c2c2738,Rhycero,11/16/2021,us-east,1342880,closed-won,92
41906334-77dc-40e0-b2b0-ab9cee71bc45,Kwilith,12/17/2021,apac,887012,discovery,38
0fbeb677-d00a-4b57-ba14-1829c167c6aa,Yakitri,4/20/2022,emea,1186806,discovery,64
9ba78848-b528-40b4-a774-5d49a9fa1b13,Dabshots,11/26/2021,us-east,1689207,closed-lost,34
01f9d635-057b-4ac3-8a27-fd2afa772cb7,Voolith,12/19/2021,emea,1623776,discovery,49
278c8d3c-699d-46d0-87c2-08eca80d709c,Zoonder,12/30/2021,us-east,1271307,closed-won,94
7d422378-9441-4f14-8b69-29574a7e6823,Quamba,12/5/2021,apac,1759602,qualified,90
b50986de-ade3-4257-8cee-ac54476f10a3,Katz,1/22/2022,apac,1288060,qualified,62
90c666e9-8fe8-4ecb-955a-a951988604bc,Avamm,7/19/2021,us-west,1249949,discovery,56
c798b44a-6148-4149-a778-2f92186686e4,Vinte,8/29/2021,apac,915245,discovery,83
91ca6c83-bbda-4dc8-b5fe-62306d06449b,Voomm,12/25/2021,apac,1028317,qualified,3
3b45096c-a547-4bfc-8ae4-24595ef6015e,Gabvine,1/27/2021,us-west,519363,closed-lost,41
22120bc5-c1af-4270-a468-2d42f182e89e,Twitterbeat,9/29/2021,apac,1697111,closed-lost,41
fb5c86f1-70c2-4c06-8895-f4d455ef018b,Talane,10/28/2021,us-east,1020571,closed-won,82
137b5ac3-14e6-4332-a0aa-6949375e460b,Babbleset,2/2/2022,us-east,1024463,closed-lost,100
5cd6d9ac-80d8-491e-a772-1ef402e5ad60,Quinu,11/1/2021,apac,584732,closed-lost,67
a8ed2452-3cdd-4aa5-a717-ca13649ae98a,Flashpoint,8/16/2021,us-east,1757160,qualified,83
63f4ece4-9cdb-46ac-b5d1-16b3c3d06342,Reallinks,7/24/2021,emea,509761,closed-won,52
fa80d1ee-8a14-454c-b6da-c35fd5d8a7dc,Wordtune,5/11/2022,us-west,61727,closed-won,62
799c8d06-a589-4faa-8f8e-7f01541772ed,Dablist,4/9/2022,apac,647904,qualified,54
61af2b5c-b679-4522-a766-b45b64dc9d03,LiveZ,10/30/2021,apac,561145,qualified,2
22c1ba5d-c0e9-4dd4-8007-c3dbeedfc39a,Twiyo,4/2/2021,emea,236585,closed-won,80
b4adc539-6662-4ff9-9cda-4b31ce0d3881,Quinu,10/31/2021,emea,1646638,qualified,9
81ec692c-58ff-4691-a1f2-1b7709631272,Innotype,10/10/2021,emea,1359158,open,95
4074bb94-1a30-416a-bf94-20df1ace34f1,Devpulse,2/23/2022,apac,817981,closed-lost,48
0aeac945-cb5f-4557-b215-1682121dd467,Kamba,11/24/2021,apac,1259571,closed-won,90
8b83e6de-5b84-474f-a6ab-185b2684ef39,Blognation,10/18/2021,us-east,792045,qualified,71
7a67342b-8355-4319-a0c0-d3eaafbd5780,Quimm,10/31/2021,us-west,1223716,discovery,27
d08a91c3-ad43-4a13-9cfb-a0f0bc3a047c,Voonte,2/4/2021,apac,1828556,open,79
435f2367-618e-46b7-af77-8b436f8810d2,Eamia,1/23/2021,apac,861933,closed-lost,23
305d012d-4665-47c0-953e-c082462fbc2f,Feedbug,5/16/2021,emea,1435035,open,3
e0f36fa5-a7f5-492f-9e70-bed47054eb37,Zava,12/10/2021,emea,1463517,open,57
badf029e-d9cf-45cb-9df0-19cbe9d2a855,Riffpath,6/6/2021,apac,580511,open,44
085dc6e0-b426-49ed-957c-8d93209cfb3d,Realblab,6/10/2021,us-west,1911248,closed-lost,24
45daa553-6bcc-4661-8336-d5c0e38a2647,Meevee,10/15/2021,us-east,718092,open,93
18bf8829-6fcd-45d8-a187-c32aef0e8dd8,Eire,2/27/2021,apac,103356,qualified,12
7dd91ab3-abcb-47fe-9f2b-70d56573df8b,Shuffletag,12/14/2021,emea,949367,open,34
607ebbda-c4a6-422f-a8be-d77d48a24c54,Meedoo,6/17/2021,us-east,1428262,closed-lost,20
ab440c28-7ec3-459a-87c3-6efd67c834eb,Ooba,12/20/2021,us-east,1047279,closed-won,65
60acb2f3-350d-42db-bd00-8c2db8526e70,Rhyzio,4/12/2021,emea,1022415,qualified,23
68601c70-1d20-41db-b18c-6956e529cddc,Kwinu,12/1/2021,apac,357964,closed-lost,73
b6326766-596e-4b51-aa8d-0fb99d83a43c,Devcast,5/16/2022,us-east,1884786,qualified,10
4bd85621-91a8-4e19-936a-c80c822ab509,Zoozzy,11/3/2021,us-east,145817,qualified,16
55aa2be0-4011-41e6-a17b-7dff234c528c,Podcat,1/26/2022,emea,1228103,discovery,20
278d042d-fd30-4b21-82a8-b2673932bc43,Skaboo,4/19/2022,us-east,1938607,closed-won,10
db25f8ef-8fc9-4a48-b7b8-28da082fd6c6,Brightbean,1/10/2021,apac,1023879,closed-lost,71
e0410d1c-1c83-476c-890e-5ade61fc3854,Trupe,1/23/2021,apac,1657420,qualified,17
3bbe389b-6069-45dc-9762-af9f61cc61dc,Digitube,4/10/2021,us-west,1531033,closed-won,99
99b5d2de-7520-47f7-ac83-3e585e7ce8a5,Rhynyx,8/24/2021,us-west,1044506,discovery,30
167b9007-5360-4a8f-81a2-8954a0c7f422,Lazzy,6/5/2021,us-east,189282,closed-lost,27
18b44b4a-8861-4e36-9019-cbef850d6773,InnoZ,2/7/2022,apac,533307,closed-lost,97
a05e4cad-031d-4ac0-9ebb-980076349bdc,Meetz,2/23/2021,us-west,839922,open,61
92f0a3ce-6881-4ee5-9643-bbdc269767d1,Skimia,5/20/2022,us-east,857999,closed-lost,97
d6d18480-d7c2-4e09-9fef-c019ffb20441,Trunyx,5/30/2022,emea,1310599,qualified,51
5c4da638-5794-48fe-b4bc-4f4d272556ac,Thoughtmix,4/14/2022,us-east,1172545,closed-lost,30
b5acec12-1640-40aa-95de-97fd5ffeb9da,Skyndu,3/26/2021,us-west,1470468,closed-won,92
6ab904c8-c433-495a-b722-78c9dc7de8b2,Mydeo,11/23/2021,apac,1838085,qualified,52
649ce4a7-9d06-4319-b858-0875de3d5f99,Topiclounge,3/23/2021,emea,1259017,closed-won,55
c110eeb2-4781-4ac1-99aa-e27612545e0f,Oyoloo,1/17/2021,us-east,1871042,qualified,98
87d9943b-206c-4edb-ae38-d4b4b7821306,Skippad,8/30/2021,apac,1872950,discovery,44
c98a49cc-3a7c-45d5-bc39-105c3fce804d,Realbuzz,7/16/2021,emea,1664435,open,16
d074eec1-c660-4955-b6b5-dc02d26a6012,Chatterbridge,12/13/2021,apac,1778863,closed-lost,26
a768b8dd-f4b7-4401-b9b1-875d3a910a5f,Dabfeed,2/20/2021,emea,187142,qualified,75
c6d98a0a-0b69-443c-b95f-068e72f7308a,Oyondu,6/8/2021,us-west,38869,discovery,72
89549d1a-f033-4365-a332-488a142f0c5b,Riffpedia,4/18/2021,apac,345760,discovery,16
ebf702fa-2aec-4ea0-8825-e4ed47ee6c43,Jabberstorm,12/1/2021,emea,1218296,discovery,48
8adcf79f-2265-4a6a-ae9b-1b2711d22c41,Brainverse,1/19/2021,us-west,1381347,discovery,16
160988b9-24d0-471c-88ab-8cb51bff175f,Zoomzone,3/25/2021,emea,784510,discovery,21
f3f00920-1fc6-4b4a-8c3b-67a7b4a097f2,Innotype,11/10/2021,emea,1746069,closed-won,49
1c33317a-90ff-4e74-a876-0970cf44e41c,Gigaclub,10/10/2021,apac,715490,discovery,5
d6fb72df-5728-45a6-b8ca-fe9077d0f9b1,Twitterbeat,6/1/2021,emea,834447,closed-won,34
cded2dc5-84f8-4a30-a02a-6e6a07d1ed49,Divanoodle,1/5/2022,us-west,796746,open,29
d1a0c0e3-9a2b-4290-bbaf-7c6ea1c68828,Vinder,12/11/2021,us-east,1774623,open,32
9eeb18b3-fc8c-4ae5-9853-63800ff7bf77,Thoughtstorm,2/25/2022,us-east,1168340,qualified,59
73b457b8-3753-47c4-a52e-e890fb5313bb,Browsedrive,12/18/2021,emea,118915,qualified,8
76f3cb7b-aa57-4004-927d-a3ab4850b5c7,Latz,11/3/2021,us-west,139690,closed-lost,90
0818a489-37b8-47d0-9a4f-5014db474737,Oyoyo,5/3/2021,apac,361330,closed-lost,57
bb22ef17-0504-459f-83be-ac87f610f943,Gabvine,11/23/2021,us-west,688733,discovery,14
3ed919d0-abba-45a1-af61-347705a1d1f7,Twinte,10/30/2021,apac,487449,qualified,68
439086b4-c033-48c8-8456-16fdc21b721f,Livepath,2/2/2022,emea,211409,closed-lost,56
71ea0297-8c57-49c4-89fc-987161cbfaa1,Shuffledrive,4/18/2022,emea,375549,discovery,26
c5f106be-5e3b-4436-b954-5290d992bc32,Skivee,2/4/2022,emea,390732,closed-lost,72
d433511e-0a8f-4b4e-858a-3763d6847b9b,Janyx,1/19/2021,us-east,1174609,open,36
2394db15-84c8-48ba-89bf-82df6c3f7010,Brainbox,8/29/2021,us-west,1173083,closed-won,62
9e05722e-35f2-44e3-8f06-502e70748bf5,Gevee,11/3/2021,apac,1901342,closed-lost,44
e19b71bc-d808-4bad-9813-5893c20ccc2e,Aivee,4/12/2021,apac,733656,discovery,58
14df4235-cca2-46fe-8991-1a26d95fd773,Flipopia,5/8/2022,us-west,927560,discovery,63
890c1e08-4d6c-48ca-b981-76b7cb620f6a,Rhynoodle,8/28/2021,emea,886408,closed-won,93
d215727b-49a5-4c0a-a01c-3c86f913784d,Podcat,5/28/2022,us-east,829672,closed-lost,97
3f94e162-3267-43a5-a55d-e385dc941a17,Roomm,4/9/2022,us-west,1682003,discovery,81
18c228a9-e290-4a72-b3a7-a0b810157ee4,Eadel,8/25/2021,emea,1109132,open,52
b6c25c9e-c7d3-4e48-807d-e58f152f3a7a,Skaboo,5/24/2022,us-east,484141,open,72
852e5514-d938-43af-b175-211ddbff883f,Edgewire,7/9/2021,apac,1607437,closed-won,76
ed2e8ce6-e683-4434-a659-a26115a12d85,Rhyzio,12/6/2021,emea,1428008,closed-lost,36
5c0c5dda-6422-42fd-83af-4ad7d7e3eb53,Blogtag,3/14/2021,us-east,1540760,qualified,73
37ad4935-39c4-4759-b1a2-8d591ab5fe0e,Twitternation,4/18/2022,apac,1969088,discovery,61
ce49606f-0540-447d-9a9e-20ba4c919af0,Riffpath,4/11/2021,us-east,1361802,closed-won,94
532c6a67-8451-4e7f-88cd-aafc35901d5a,Podcat,9/24/2021,emea,857878,qualified,17
a7479509-4244-416b-a049-b5afee28a22e,Izio,11/15/2021,us-west,1964531,closed-won,70
08ed4d89-dfd5-400e-b95e-6a929d1e8f44,Omba,6/3/2021,us-east,1068843,qualified,30
1efa972b-0e93-40f0-b7ac-24be2bd431d6,Yombu,6/19/2021,emea,951497,closed-lost,5
8ca24a2a-6d50-4772-b7bf-1a59faa7d578,Gabvine,2/13/2022,us-east,1545849,open,67
8d882226-ba23-469a-b476-eb98642793df,Browsecat,9/1/2021,emea,954004,qualified,81
645ea139-5688-466f-8c15-e8851e471543,Wordpedia,4/1/2022,us-west,918967,closed-lost,35
5cd585e0-85d5-4bb8-acc6-16ab1abc4c96,Vidoo,7/28/2021,emea,916683,closed-lost,70
33abe6e4-ea39-4b7b-8655-51e36d33703e,Demimbu,4/17/2022,us-east,1345150,discovery,92
2ea42e44-55c6-40e4-9499-e3bf916264f6,Skinix,2/8/2021,us-east,108058,open,1
480834f2-d2c6-48c9-93e4-01a72e2f4d0f,Twinder,1/9/2022,us-east,1148036,qualified,71
e8cb016d-3b07-4722-9cf4-5bfb00b121c8,Skimia,6/19/2021,us-east,1649591,open,69
f342222a-fa52-47c3-b75f-90fe1e7b972d,Voonix,9/2/2021,apac,1888745,closed-lost,73
ec4b0341-5e00-4a98-bf0f-e00451fe90ed,Vidoo,2/12/2021,emea,811385,discovery,60
66a25076-25e0-4970-a279-c58d89c5634a,Avaveo,3/8/2022,apac,195814,discovery,17
934f97e4-7591-4ba8-bd96-9ab9780671fd,Photofeed,1/8/2021,emea,1295685,qualified,15
